ID,score,COLPREP,DIS_COH,LOGDTA,LOGDTU,NSQG,NSQM,NSQU,NWF_MEDIAN,SVF,WORDLN_2
1,2,0.756913433,-0.243887027,3.598556816,2.397895273,-0.137832904,-0.1496264,-0.070534562,-65.25801132,3.069627952,4.231343284
2,1,0.785307692,-0.432850315,3.663561646,1.098612289,-0.172602427,-0.13074409,0,-55.84563036,2.90920173,5.358974359
3,1,0.352786885,-1.112113539,3.012261576,1.098612289,-0.25909556,-0.181071492,-0.12803688,-64.12441913,1.967152953,4.721311475
4,2,0.5981933,-0.044348467,2.990719732,2.302585093,-0.172969545,-0.070888121,-0.122781826,-57.05696115,3.36943542,4.798994975
5,1,0.651834457,0.322877221,3.810359352,1.791759469,-0.150726388,-0.242982696,-0.085907356,-57.11896791,3.930456411,4.84501845
6,2,1.0405,0.163621773,2.772588722,1.386294361,-0.242031424,-0.125,0,-57.9768253,3.568099645,5.296875
7,1,0.703324331,0.044189757,3.774674814,2.48490665,-0.135444913,-0.097776426,-0.087453894,-53.23509356,4.350418639,5.212237094
8,1,0.475715627,-0.506231619,4.147659621,1.945910149,-0.156381699,-0.082292217,-0.047511434,-62.31973036,3.792616029,4.53724605
9,2,0.617171608,-0.109616695,3.277144733,1.791759469,-0.141774815,-0.079305159,-0.158610317,-57.19720794,3.786659985,5.477987421
10,2,0.804714286,-0.407181445,3.267665989,1.386294361,-0.182217754,-0.097590007,0,-61.59713167,2.924951419,4.4
11,1,0.641861799,-0.531126106,4.307437778,2.48490665,-0.148922922,-0.153522062,-0.074911096,-58.85395593,4.15558919,5.041526375
12,4,0.575347934,-0.392574107,4.336787849,2.564949357,-0.149228864,-0.145350475,-0.04485613,-58.94360376,4.232985377,4.995975855
13,2,0.729039216,-0.63701012,4.787491743,1.609437912,-0.122944232,-0.081649658,-0.040824829,-62.06370268,4.207275916,4.686666667
14,2,0.708551924,-1.295427564,4.140485718,2.48490665,-0.125853065,-0.109253556,-0.072835704,-64.34209213,4.050071622,4.592838196
15,3,0.640729178,1.009963772,4.131523565,2.397895273,-0.176233491,-0.120824419,-0.054034323,-56.23842014,4.366040525,6.211678832
16,1,0.65695668,0.4151929,3.250374492,1.609437912,-0.17501019,-0.215665546,0,-52.9978159,2.6778411,5.410852713
17,1,0.682337719,0.062294497,2.944438979,1.791759469,-0.202256342,-0.132453236,0,-68.40764495,2.774136299,4.035087719
18,1,0.506428571,-0.566183195,2.63905733,1.386294361,-0.250781357,-0.133630621,0,-65.77012577,2.040164336,4.607142857
19,0,0.788421245,-0.555201612,2.970414466,1.386294361,-0.236573372,-0.160128154,-0.226455407,-55.17031275,1.997503485,5.358974359
20,4,0.561524115,-0.273013639,4.11715924,2.564949357,-0.145797615,-0.141598465,-0.106198849,-59.78563659,3.685519278,4.895989975
21,3,0.592324136,-0.49526653,4.091562919,2.48490665,-0.123779307,-0.111959006,-0.052777981,-61.15713612,3.816835346,4.625348189
22,4,0.642648894,-0.794064575,4.099332104,2.302585093,-0.142118721,-0.057591228,-0.081446296,-63.41417029,3.713730217,4.708126036
23,3,0.507827837,-1.061547308,3.988984047,2.48490665,-0.145398255,-0.130289327,-0.07856742,-62.91264841,3.775459792,4.554012346
24,2,0.397636364,-1.073122847,2.803360381,0.693147181,-0.077936311,-0.174077656,0,-58.99433516,1.776338698,4.575757576
25,2,0.686227628,-0.079933584,4.39107647,2.397895273,-0.093176909,-0.10611909,-0.067115606,-56.87289609,4.124458737,4.871621622
26,1,0.507046323,-0.586918376,5.056245805,1.098612289,-0.134147748,-0.092155136,-0.065163521,-63.74706685,3.913826944,4.184713376
27,0,0.739657143,-0.253158955,3.33220451,1.386294361,-0.17571442,-0.133630621,0,-66.86616838,2.769256377,4.357142857
28,2,0.640339075,0.497284015,3.967384935,2.564949357,-0.170181415,-0.178950523,-0.100941709,-58.33624426,3.99487841,5.119359534
29,1,0.678514007,0.410673245,4.155404819,2.197224577,-0.134544574,-0.191273014,-0.072294404,-56.94591056,3.716723141,4.820557491
30,4,0.554214914,-1.294617142,4.50313746,2.302585093,-0.116115839,-0.094124161,-0.081513915,-61.0281929,3.773584666,4.755260244
31,2,0.599442177,0.144493062,3.737669618,1.945910149,-0.151299908,-0.15430335,-0.08247861,-56.23000321,3.651383958,4.976190476
32,3,0.488593367,-1.575113436,4.33073334,2.302585093,-0.113571048,-0.088852332,-0.081110711,-67.87105937,3.685988828,3.997368421
33,0,0.1225,-0.336664138,3.688879454,0,-0.300247948,-0.316227766,0,-60.71906517,1.436563321,4.925
34,3,0.572556815,-1.421594495,4.527980547,1.945910149,-0.133685284,-0.124225999,-0.068041382,-67.45868412,3.545728842,4.236111111
35,1,0.811794118,-0.385124706,3.344038968,1.098612289,-0.206403313,-0.153392998,0,-63.51255931,2.770468091,4.823529412
36,1,0.588780243,-0.29155161,5.007296393,1.386294361,-0.181840354,-0.12931515,-0.091439619,-64.10202764,3.391146846,4.391304348
37,3,0.601504521,-0.403710093,3.858622229,2.302585093,-0.166282985,-0.159111457,-0.06495698,-60.61500017,3.641211152,4.793248945
38,2,0.659654959,0.766767281,4.477336814,2.397895273,-0.140627898,-0.115886807,-0.090909091,-57.44996152,4.461300894,5.166322314
39,0,0,-0.381118707,2.602689685,0.693147181,-0.232715629,-0.272165527,-0.19245009,-61.45138873,2.45491095,4.296296296
40,3,0.646256826,-0.810692951,4.65396035,1.945910149,-0.151168306,-0.09035079,-0.110656667,-64.37600404,3.788327264,4.321088435
41,2,0.578410923,-1.001926043,4.16018432,2.48490665,-0.143178122,-0.095408232,-0.036060922,-64.07464136,4.262169857,4.431729519
42,1,0.583543647,0.165460027,4.166665224,1.386294361,-0.185186284,-0.164717282,-0.15249857,-53.97560639,3.507499344,6.600775194
43,3,0.606201575,0.092720361,3.751854253,2.302585093,-0.192955066,-0.12818707,-0.153212853,-56.91828931,3.716401226,5.147887324
44,2,0.564315271,-1.11875951,3.144152279,2.995732274,-0.13390544,-0.173702083,-0.092847669,-68.28132409,3.722985194,3.903017241
45,2,0.544412939,-0.824330828,3.81220267,2.079441542,-0.09744236,-0.091034569,-0.052558833,-68.11249089,3.929169635,4.157458564
46,3,0.428289377,-0.516529976,3.530030254,2.079441542,-0.146604293,-0.060522753,-0.060522753,-63.60559084,3.140062211,4.424908425
47,2,0.680928922,-1.044832192,4.063572904,2.397895273,-0.131310983,-0.118585412,-0.088388348,-65.68234061,3.475346814,4.1328125
48,3,0.609727516,-0.176534091,4.58156032,1.791759469,-0.119061328,-0.159991467,-0.071550359,-54.11571129,4.131959239,5.476109215
49,1,0.5690625,-0.420463124,3.060270795,1.791759469,-0.156240197,-0.088388348,-0.088388348,-56.66076379,3.490660199,5.5703125
50,4,0.631015615,-0.648166544,4.587878689,1.945910149,-0.137379957,-0.093385921,-0.066033818,-62.71414125,4.606241918,4.597383721
51,2,0.628994739,-0.430513803,3.91949502,2.079441542,-0.161069976,-0.099627096,-0.086279596,-66.46240451,3.708625305,4.46898263
52,2,0.577290926,0.05155398,4.675162558,2.079441542,-0.175854477,-0.186989398,-0.113227703,-57.195633,4.152462188,5.421911422
53,2,0.510840097,-0.196880503,3.723280881,1.609437912,-0.163525712,-0.120385853,-0.069504805,-65.67922621,2.926795302,4.173913043
54,2,0.535906846,-0.595437447,4.394449155,1.386294361,-0.177478003,0,-0.07856742,-59.78563659,4.106153522,4.904320988
55,2,0.551549246,-0.702167017,4.250873364,1.791759469,-0.139785322,-0.119380825,-0.084414991,-67.93312742,3.078394906,3.752969121
56,1,0.877885281,0.067443884,3.90197267,2.302585093,-0.183764168,-0.127128345,-0.077849894,-58.54714249,4.248635101,5.218181818
57,2,0.594613846,-0.425893511,3.668676747,2.708050201,-0.119928148,-0.193429486,-0.08247861,-59.77722959,4.06106464,4.836734694
58,1,0.458018443,0.020558742,3.194583132,1.609437912,-0.196592647,-0.181071492,-0.090535746,-61.89822168,2.558787925,4.475409836
59,2,0.517870963,0.38234909,3.919685878,2.564949357,-0.185436065,-0.174740811,-0.078146467,-58.59477885,4.064601035,5.167938931
60,3,0.54901841,-0.198475968,4.187759007,2.079441542,-0.14930338,-0.137750978,-0.06160411,-64.21370835,3.117344337,4.229601518
61,3,0.58941602,-0.666758152,4.585987367,2.302585093,-0.121360205,-0.090304728,-0.071392156,-63.77552017,4.602801662,4.49745158
62,1,0.512634928,-0.610846791,4.257973986,1.791759469,-0.100119203,-0.118957738,-0.097128586,-56.14117241,3.698578026,4.485849057
63,1,0.603829871,-0.393779582,4.374498368,2.302585093,-0.127090154,-0.100377123,-0.086929138,-56.00645309,4.176128957,4.748110831
64,3,0.552242951,-1.630229586,4.185606154,2.708050201,-0.126134072,-0.171498585,-0.071210911,-63.63742818,3.632002395,4.414807302
65,1,0.637858228,-0.340152792,3.270835564,1.791759469,-0.196097821,-0.177892017,0,-59.50149481,3.497403075,4.905063291
66,4,0.610725355,-1.046794407,4.220557574,2.63905733,-0.101242525,-0.085704292,-0.072433347,-65.08998719,3.521379278,4.334732424
67,2,0.505940144,-0.559409618,4.148411783,2.48490665,-0.123329285,-0.166227492,-0.120306626,-58.03851282,3.943791276,4.798684211
68,3,0.669423004,0.326898771,3.984343667,2.079441542,-0.124806631,-0.118124885,-0.048224282,-60.31215067,4.524411947,4.68372093
69,3,0.570197897,-0.840836201,4.143134726,2.197224577,-0.129761283,-0.083992105,-0.041996053,-64.740615,3.521195116,4.310405644
70,4,0.617825343,-0.747062883,4.447053318,2.079441542,-0.128884042,-0.153055746,-0.038263937,-65.72898357,3.857616216,4.254758419
71,4,0.638787879,-0.962994908,3.976080642,2.564949357,-0.110965798,-0.131590339,-0.037986859,-66.36665837,3.708196995,4.334776335
72,2,0.643181818,-0.325076228,2.995732274,1.791759469,-0.193162356,0,0,-62.31973036,2.029561121,4.375
73,2,0.47263675,-0.342717798,3.819542153,2.48490665,-0.150243409,-0.113124157,-0.060467406,-61.39523477,3.546687674,4.391224863
74,4,0.616094087,-0.310975337,4.098502572,2.079441542,-0.16422659,-0.136646256,-0.078892752,-65.57928191,4.013042366,4.417012448
75,1,0.470793388,0.060837536,3.004031076,1.791759469,-0.180523713,-0.314918329,-0.090909091,-63.51255931,3.065381192,4.685950413
76,1,0.787282051,-1.971837219,3.663561646,0,-0.160398643,-0.160128154,0,-64.83962558,1.810281313,4.717948718
77,0,0.6826625,-0.494703409,4.158883083,0.693147181,-0.128778445,-0.088388348,0,-66.46240451,2.765133559,4.15625
78,2,0.59397028,0.258259366,4.276666119,1.945910149,-0.12985314,-0.140859042,-0.125988158,-60.18330786,3.600799347,4.376984127
79,2,0.683895833,-0.647758125,3.999034382,2.397895273,-0.155213772,-0.108012345,-0.040824829,-57.60841137,4.072782834,5.74
80,3,0.544158143,0.259414659,3.968403339,2.302585093,-0.168557235,-0.122975092,-0.097220347,-57.04851349,4.005164722,5.59168242
81,3,0.691628632,0.021441522,4.244591529,2.397895273,-0.121828068,-0.088445948,-0.051064292,-57.69812662,3.993412002,4.976531943
82,3,0.621399062,-0.213291741,3.538886784,1.945910149,-0.172739932,-0.170427824,-0.064415663,-58.79706313,3.275832886,4.755186722
83,1,0.445054545,-0.671859201,3.496507561,0.693147181,-0.244297215,-0.213200716,0,-60.87378533,3.057145207,5.060606061
84,2,0.639650746,-0.257382871,3.106080331,1.098612289,-0.24033997,-0.122169444,0,-61.61847435,2.544590916,5.164179104
85,2,0.583407957,-0.030630616,4.118133424,2.197224577,-0.134362889,-0.147308585,-0.127572977,-61.69901723,3.881516886,4.596745027
86,3,0.537750139,-1.245374577,5.702114418,0.693147181,-0.134397409,-0.070769677,-0.070769677,-66.22884674,3.789708323,4.151919866
87,3,0.592643449,-1.202588103,4.032196344,2.564949357,-0.12268593,-0.10447034,-0.073871686,-65.97741766,3.654037595,4.145975443
88,3,0.546320653,-0.249175967,4.295923936,2.302585093,-0.118307228,-0.097656463,-0.082534775,-64.2235846,3.907328634,4.561307902
89,3,0.526893116,-0.868702999,3.828641396,1.791759469,-0.088847376,-0.104257207,0,-62.23685008,3.382913941,4.442028986
90,2,0.655672631,-0.278367577,3.983678994,1.945910149,-0.157756974,-0.154713187,-0.0893237,-56.63893399,4.331975013,5.042553191
91,1,0.616304598,-0.2822743,2.856470206,1.609437912,-0.209421329,-0.214422507,0,-62.31824826,1.84276634,4.850574713
92,3,0.549489449,0.525595826,4.144354983,2.564949357,-0.135570872,-0.110431526,-0.104764544,-59.69069332,3.321613389,4.482926829
93,1,0.596961722,0.129070019,3.860729711,0.693147181,-0.247245159,-0.229415734,-0.177704663,-66.31879512,2.439860204,4.252631579
94,1,0.46032251,0.110649215,3.73369347,1.791759469,-0.126350973,-0.154610422,0,-62.32043422,3.976721394,4.661354582
95,3,0.406297923,-0.675780536,4.110873864,2.197224577,-0.11939323,-0.120714328,-0.095433056,-63.18419437,3.9182067,4.626593807
96,2,0.719185652,0.031858963,3.808512629,2.48490665,-0.184764771,-0.10531179,-0.10531179,-58.69889411,4.105513814,5.687615527
97,2,0.673738114,0.820701744,5.394763265,1.386294361,-0.106012803,-0.279857269,-0.033690856,-57.61592003,3.760447829,4.843359818
98,2,0.551649059,-0.227069027,4.110873864,2.079441542,-0.147642801,-0.090535746,-0.12803688,-63.21280805,3.920033338,4.342213115
99,2,0.670252008,-1.056625022,3.502549876,1.609437912,-0.136251004,-0.21952852,-0.10976426,-63.30698959,3.539852656,4.385542169
100,1,0.681578366,0.181950089,3.803880847,2.079441542,-0.145314141,-0.074639337,-0.105555963,-66.95140709,3.134208626,4.186629526
101,2,0.585928744,0.092213909,3.679460232,2.079441542,-0.132166376,-0.097281665,-0.112331191,-56.87728317,3.49860092,4.996845426
102,3,0.644491141,0.007106663,3.826663156,2.397895273,-0.115047875,-0.062931678,-0.088998832,-57.57828962,3.286017728,5.003960396
103,1,0.612492662,-0.535526811,5.223054882,0.693147181,-0.128090397,-0.194257172,-0.051917413,-66.9764296,3.176153059,4.09703504
104,2,0.635058726,0.411825921,4.207177093,2.48490665,-0.11585105,-0.099627096,-0.13642002,-53.70857846,4.170520584,5.439205955
105,2,0.465409665,0.061517953,3.397486802,2.197224577,-0.180246622,-0.121942152,0,-62.31824826,2.651734731,4.672862454
106,0,0.216,0.133898663,2.140066163,1.386294361,-0.385261121,-0.242535625,0,-57.34259554,2.243881949,7.088235294
107,3,0.638031618,-0.569542725,4.833632899,1.791759469,-0.120533394,-0.072835704,-0.036417852,-66.26211661,3.64865414,4.143236074
108,1,0.573105859,-0.37363713,4.007333185,2.197224577,-0.180726692,-0.149071198,-0.077849894,-60.80518114,3.848518642,5.113131313
109,2,0.70061122,-0.122929004,4.039145013,2.197224577,-0.136663948,-0.117041147,0,-56.72898354,4.203853709,5.17221135
110,2,0.481353139,-0.056968967,4.216562195,1.609437912,-0.155464406,-0.054312545,-0.076809537,-64.11027739,3.598919603,4.315634218
111,1,0.535769231,-0.665290985,3.075774981,1.098612289,-0.243570582,-0.175411604,-0.124034735,-64.24835812,2.184375104,4.446153846
112,2,0.603187201,-0.170435957,3.396424103,1.945910149,-0.137808107,0,-0.097823198,-64.83962558,3.050029566,4.253588517
113,1,0.783319588,-0.49432575,3.47609869,1.791759469,-0.172968747,-0.124354001,-0.101534617,-56.18356487,2.860368356,4.81443299
114,2,0.618341796,0.84271028,4.53044664,2.302585093,-0.128905387,-0.17057206,-0.10380685,-60.48655771,3.658548279,4.565732759
115,3,0.60722969,-0.239229273,3.940834703,2.564949357,-0.114994734,-0.054676655,-0.066964953,-57.59841756,4.510950276,5.016442451
116,3,0.693682582,-0.160198727,3.793614774,2.48490665,-0.12249172,-0.086629616,-0.075023448,-64.29927947,3.681455201,4.718574109
117,3,0.606170817,-0.36921705,3.592735594,1.791759469,-0.119503379,-0.067728546,-0.151445633,-62.20988139,3.559993587,4.444954128
118,2,0.659785288,-1.176467883,4.428830701,1.791759469,-0.104014382,-0.166832257,-0.099701343,-67.86079105,3.603862112,3.928429423
119,4,0.482498928,-0.066371433,4.217872382,2.197224577,-0.123602782,-0.090461628,-0.057212957,-55.82399475,4.08471005,4.823240589
120,1,0.506706889,-0.583012698,4.119037175,2.302585093,-0.145907797,-0.14538986,-0.057026595,-61.14449041,3.774588079,4.689430894
121,3,0.607630187,-0.751642358,3.995695481,2.397895273,-0.103910632,-0.057831493,-0.057831493,-62.31824826,3.635498775,4.632107023
122,3,0.672826106,-0.550823433,3.956039891,2.079441542,-0.135739364,-0.084717374,-0.048911599,-60.47279472,4.465943592,4.523923445
123,3,0.561883322,-0.688287305,4.229957121,1.945910149,-0.111052635,-0.128965176,0,-66.95140709,3.440320271,3.964656965
124,1,0.653535655,0.302775448,3.288401888,1.609437912,-0.17159788,-0.211603685,-0.086386843,-62.81464691,3.15161487,4.462686567
125,2,0.61345045,-0.103290861,3.898599985,1.791759469,-0.142543204,-0.142373699,-0.058123819,-65.25801132,2.722924,4.35472973
126,1,0.521325062,-0.090155119,3.251665648,1.791759469,-0.187555797,-0.196747751,0,-65.08135517,3.418609015,4.75483871
127,2,0.571301177,-0.810935906,4.232656178,2.302585093,-0.139940876,-0.120473184,-0.085187405,-60.66525698,4.294194708,4.766328012
128,1,0.529124205,-0.447962313,4.098502572,2.48490665,-0.163817885,-0.148761601,-0.09839655,-55.85794173,3.765152435,4.604426003
129,4,0.638730554,-0.658422861,4.049608668,2.079441542,-0.119182976,-0.066009836,-0.046676003,-66.46240451,3.115342275,4.065359477
130,1,0.387051621,-0.442927638,3.421816669,2.079441542,-0.154905386,-0.127775313,-0.110656667,-63.18137516,2.808165756,4.865306122
131,1,0.454082051,-0.577859616,3.663561646,0,-0.273057431,-0.226455407,-0.226455407,-60.58973737,3.169143488,5.051282051
132,2,0.475599646,-0.102172155,4.204692619,1.945910149,-0.128514227,-0.221450924,0,-58.4603749,4.078701559,4.865671642
133,0,0.056,-0.304418479,3.583518938,0,-0.338931025,-0.40824829,-0.166666667,-61.65810722,1.997983428,5.333333333
134,2,0.547,-0.277166183,4.045554398,1.945910149,-0.131126174,-0.132287566,0,-64.30173049,3.638473083,4.155
135,2,0.496106443,-0.178020161,3.044522438,1.609437912,-0.21317509,-0.276026224,0,-58.95017608,3.063458893,5.161904762
136,2,0.736695947,-0.265175925,4.208417018,2.48490665,-0.136563637,-0.145140192,-0.086226123,-57.88384668,3.909141175,5.095415118
137,1,0.61570405,-0.464619858,2.593387293,2.079441542,-0.124608906,0,0,-65.9243443,3.110258241,4.53271028
138,3,0.684575745,0.145213384,4.325456283,1.609437912,-0.149178774,-0.115010927,-0.072739297,-55.84036331,3.342431428,5.164021164
139,2,0.732382335,0.0520914,3.48343548,1.945910149,-0.143741344,-0.132453236,-0.093658581,-64.0254566,3.761728374,4.149122807
140,3,0.613424731,-0.591120582,3.875819957,2.197224577,-0.109621503,-0.096003072,-0.067884423,-66.24908868,3.541248056,4.078341014
141,2,0.751737542,-0.149736121,3.816141234,1.945910149,-0.157891493,-0.125392466,0,-67.6711217,3.39278504,4.166666667
142,4,0.682528365,-0.409111939,4.569543008,2.079441542,-0.129725658,-0.080477847,-0.071981575,-64.6924628,3.610529915,4.150259067
143,2,0.511827261,-1.653837361,3.448398983,2.995732274,-0.112081588,-0.235889549,-0.112776775,-68.1357596,3.082297827,3.920508744
144,2,0.539483767,-0.880268286,4.179866736,2.63905733,-0.139850235,-0.144100754,-0.080977633,-57.38397755,4.222311668,4.595628415
145,2,0.425766234,0.049367962,3.96081317,1.386294361,-0.224462285,-0.207019668,-0.138013112,-59.82926999,3.040280201,4.861904762
146,2,0.567967742,-0.066399652,3.688879454,1.945910149,-0.134872652,-0.179284291,-0.05976143,-57.87718004,4.136552222,4.942857143
147,2,0.023809524,-0.063765341,2.63905733,1.098612289,-0.284564036,-0.15430335,0,-60.29385543,1.180601655,4.714285714
148,2,0.624122222,0.21302347,3.688879454,2.302585093,-0.152888462,-0.122474487,-0.1,-58.44492393,4.491736448,5.0575
149,1,0.530992678,0.076395798,3.681351188,2.302585093,-0.131639715,-0.141954688,-0.122936366,-56.85053464,3.485177527,5.037783375
150,1,0.571856685,-0.129662392,3.306886702,2.302585093,-0.145572791,0,0,-63.18419437,3.233162208,4.509157509
151,3,0.587637198,0.583960701,4.413471467,2.197224577,-0.148628661,-0.146745768,-0.097063202,-56.17521569,4.477101353,5.908479139
152,1,0.553304938,-0.563376935,3.823191792,2.772588722,-0.146806758,-0.152394369,-0.104541675,-60.68586219,4.191139605,4.908469945
153,2,0.987018519,-0.696044488,2.890371758,1.098612289,-0.244460337,-0.136082763,0,-61.75236727,2.801177905,4.777777778
154,2,0.641997415,-0.558656736,4.279440046,1.609437912,-0.150909012,-0.105263158,-0.074432293,-61.88277985,3.558756224,4.376731302
155,2,0.556529279,-0.207589586,3.898599985,1.791759469,-0.137796062,-0.058123819,0,-55.93713531,3.907131883,5.179054054
156,3,0.560739024,0.148752498,3.682037922,2.397895273,-0.157939182,-0.19723489,-0.135302018,-57.09809878,3.770924413,5.029748284
157,3,0.585490974,0.459921305,4.413471467,2.197224577,-0.136318891,-0.137268096,-0.073372884,-57.91852767,3.566466394,5.100942127
158,2,0.507585071,-0.326999958,4.509026325,1.791759469,-0.133357686,-0.095782629,-0.074192905,-61.38287383,4.341011249,4.456880734
159,1,0.530763529,-0.863034586,4.204692619,2.48490665,-0.120084368,-0.1496264,-0.061084722,-63.6691812,3.860927034,4.73880597
160,2,0.615608205,-0.698006497,4.378896742,2.079441542,-0.15261223,-0.104746297,-0.039590379,-57.195633,4.402313951,4.985893417
161,2,0.709243839,-0.157934432,4.008631044,2.63905733,-0.142377627,-0.156981911,-0.072028241,-57.195633,3.793128949,5.128404669
162,1,0.769377049,-0.205418438,2.858110896,1.945910149,-0.183893023,-0.202444083,-0.12803688,-58.21729977,3.255726572,4.62295082
163,2,0.568349431,-1.660183232,4.293878248,2.48490665,-0.134831657,-0.130632486,-0.089238977,-65.83028546,4.333110841,4.503981797
164,2,0.567125572,0.181546625,4.121743536,2.48490665,-0.14713013,-0.180090068,-0.110282193,-60.8609989,3.721879342,4.860810811
165,3,0.667776829,-0.470811618,4.173104396,2.48490665,-0.140350883,-0.124114321,-0.087762078,-60.7618792,3.78613663,4.961489089
166,2,0.708697712,-0.284025949,3.883035469,1.945910149,-0.148602801,-0.108465229,-0.054232614,-63.92106217,3.549501944,4.282352941
167,2,0.517143638,0.19098754,3.887730313,2.302585093,-0.132344417,-0.119767534,-0.078406256,-63.92153733,3.53674666,4.745901639
168,3,0.60838963,-0.449050764,3.401197382,2.197224577,-0.173058312,-0.121716124,-0.105409255,-64.79315833,3.027824107,4.377777778
169,2,0.554235515,0.328144543,4.165372399,2.48490665,-0.161938819,-0.176204045,-0.134578062,-58.81534114,4.490104223,5.235446313
170,3,0.567351976,0.130202555,4.069026754,1.791759469,-0.113442289,-0.184900065,-0.053376051,-55.82796055,2.930229143,4.854700855
171,3,0.60475529,-0.172915616,4.156928049,2.079441542,-0.13388913,-0.076621417,-0.044237396,-56.84008079,4.397227942,5.140900196
172,2,0.6952125,-0.318063437,4.153185062,2.397895273,-0.116179302,-0.09258201,-0.037796447,-58.28761342,4.287008812,4.578571429
173,3,0.665978299,0.561906047,4.352426165,2.197224577,-0.159110696,-0.160471409,-0.05349047,-55.25264441,3.461248271,5.559370529
174,1,0.556622222,0.05002501,3.360375387,1.609437912,-0.206427514,-0.11785113,-0.144337567,-66.21806227,3.35852289,4.486111111
175,2,0.641843213,-1.317528153,5.895779297,0.693147181,-0.083834772,-0.165862342,-0.037087947,-67.44606704,3.399167713,4.064649243
176,3,0.5698,-0.15570393,3.744968921,2.564949357,-0.139798098,-0.159544807,-0.112815215,-57.11896791,4.583574857,4.963636364
177,1,0.561908505,-0.389752455,2.965273066,1.609437912,-0.254850377,-0.227038305,0,-60.64090215,2.987157605,5.12371134
178,2,0.57728352,0.040236268,3.616308761,2.302585093,-0.158240663,-0.115934724,0,-57.62763481,4.137633162,4.981182796
179,2,0.581293762,0.525797557,3.542166325,3.17805383,-0.160935391,-0.208388613,-0.098235334,-56.81215044,4.009047839,5.006031363
180,1,0.673807384,0.453765264,3.390024081,1.098612289,-0.19244769,-0.237022732,-0.105999788,-57.35986031,2.087511819,5.134831461
181,1,0.562263083,-0.08176194,3.921973336,0.693147181,-0.201301904,-0.099503719,0,-64.30160855,2.366749051,4.207920792
182,3,0.663110688,0.229971001,4.083171262,2.197224577,-0.147610125,-0.061199006,0,-55.51715817,3.427639359,5.073033708
183,3,0.59858025,-1.729700613,4.360973225,2.48490665,-0.120399767,-0.092253121,-0.092253121,-61.91009283,4.266859777,4.443617021
184,3,0.684378066,0.390665486,4.566948973,1.386294361,-0.143839129,-0.101929438,-0.072074997,-57.71715473,3.80382432,4.919480519
185,2,0.459414141,-0.560621401,3.583518938,2.302585093,-0.124622734,-0.129099445,-0.105409255,-67.89197585,2.890355809,3.988888889
186,3,0.577695489,-1.146153222,4.353855758,2.197224577,-0.127283191,-0.1,-0.065465367,-67.44606704,3.38512908,3.938571429
187,1,0.70685907,0.256760469,4.753590191,1.098612289,-0.135950809,-0.177789751,-0.131306433,-56.23192999,2.96452454,4.738505747
188,2,0.806945022,0.148456006,3.650658241,1.791759469,-0.136723709,-0.065795169,0,-60.64090215,3.104025571,4.683982684
189,3,0.519885709,-0.207769116,4.069026754,2.079441542,-0.136254359,-0.080064077,-0.046225016,-63.51046403,3.014926578,4.594017094
190,3,0.58127853,-0.840635437,4.674696249,1.609437912,-0.140029843,-0.096583426,-0.086386843,-62.49070432,3.996307277,4.673507463
191,2,0.587875,-1.364238682,3.33220451,1.098612289,-0.202010346,-0.3086067,-0.109108945,-67.61072132,2.304814546,4.011904762
192,2,0.727079295,0.23515879,3.815512105,1.609437912,-0.158723781,0,0,-59.57359487,3.266850308,4.810572687
193,2,0.509324231,-0.818965636,4.357776632,2.48490665,-0.130667206,-0.142399021,-0.103307108,-61.6122701,4.403371828,4.566702241
194,1,0.482644984,-0.055939766,3.814961293,2.079441542,-0.180372454,-0.181818182,-0.148453924,-67.93594937,3.304248401,3.515151515
195,4,0.685010217,-0.729903204,3.879844107,2.48490665,-0.129260653,-0.11734293,-0.058671465,-66.23179925,3.743841047,4.409638554
196,3,0.516542125,-0.237978538,3.737669618,1.945910149,-0.14308955,-0.058321184,-0.08247861,-65.77012577,3.316179653,4.353741497
197,2,0.558463515,-0.247201533,3.89436807,2.079441542,-0.14390091,-0.123560413,-0.087370406,-60.15432301,3.040960277,4.748091603
198,3,0.637800386,-0.346051324,4.378896742,2.48490665,-0.141573308,-0.140903192,-0.055989251,-57.19679009,4.381215806,5.171368861
199,2,0.511669163,0.012347034,3.811097087,1.609437912,-0.169450436,-0.297482059,-0.094072087,-63.92153733,2.607348322,4.747787611
200,2,0.591270144,-0.22969037,3.811097087,1.609437912,-0.140114519,-0.188144174,-0.115214306,-55.28452041,3.407001882,5.14159292
201,1,0.332666667,-1.10034316,3.106080331,1.098612289,-0.223536601,-0.122169444,0,-66.46240451,2.433460775,4.388059701
202,2,0.639114153,-0.463980889,3.713572067,2.708050201,-0.129323328,-0.127515343,-0.06984303,-62.47712048,4.079619465,4.417886179
203,1,0.439133333,0.016226099,3.401197382,1.609437912,-0.203765541,-0.081649658,-0.115470054,-57.11543291,2.959346173,4.946666667
204,4,0.653918029,-0.172465708,3.769621218,2.397895273,-0.111269986,-0.158610317,-0.079305159,-55.16578542,3.471644285,4.744234801
205,3,0.507371517,-0.878223912,4.730333329,1.791759469,-0.137582376,-0.195538472,-0.038348249,-60.92564212,3.580666851,4.572058824
206,3,0.741658872,0.216237083,4.022797411,1.945910149,-0.160089567,-0.087593574,-0.050572174,-59.46195884,4.480428948,5.189258312
207,2,0.570997608,-1.347350987,4.604058457,2.197224577,-0.140755982,-0.137513272,-0.057767129,-64.28511544,3.801332173,4.397107898
208,2,0.599889047,-0.638237582,4.241326753,2.302585093,-0.107668607,-0.053644178,-0.037932162,-60.41400998,3.78090766,4.758273381
209,2,0.660925466,0.141271005,3.605497845,2.302585093,-0.125856324,-0.052128604,-0.073720978,-56.90808854,3.996498683,4.980978261
210,1,0.633502131,0.081405984,3.48380091,2.48490665,-0.179809722,-0.123876021,-0.087593574,-60.64090215,3.857417017,6
211,3,0.65660261,0.746038155,4.143134726,2.397895273,-0.146466121,-0.189934294,0,-56.77661129,4.405848135,6.313131313
212,3,0.591707193,-0.605555901,3.504054767,2.772588722,-0.117372858,-0.061313934,-0.043355498,-64.2235846,3.200634505,4.394736842
213,2,0.607709205,-0.148359828,3.936018511,2.63905733,-0.14693522,-0.17910361,-0.083507489,-61.60179338,4.255574941,4.539748954
214,2,0.610258561,-0.067464495,3.580040674,2.079441542,-0.162402236,-0.118056267,-0.131990919,-59.31848987,3.705702096,4.56097561
215,2,0.348434109,-2.085646843,2.662587827,1.098612289,-0.292433255,-0.15249857,-0.15249857,-61.62296285,1.99702243,4.837209302
216,1,0.579959253,-0.454140748,3.573047639,2.772588722,-0.148951946,-0.191942974,-0.083770782,-58.53554093,4.041999433,4.322807018
217,1,0.303545679,-0.905576509,3.701301974,0.693147181,-0.210179183,-0.248451997,0,-67.96477189,1.982301765,3.925925926
218,3,0.563409006,-0.550531476,3.688879454,2.564949357,-0.12703043,-0.075955453,-0.087705802,-66.84093895,2.999311471,4.194230769
219,1,0.490289437,0.130570778,3.948836979,2.079441542,-0.154866282,-0.17004606,-0.129874824,-62.81464691,3.742685956,4.41686747
220,1,0.653002168,-0.89909244,4.342361378,2.197224577,-0.120333739,-0.065842692,-0.076028592,-61.52175364,3.484543565,4.336705202
221,3,0.617235577,-0.065896292,3.614771482,1.945910149,-0.19103046,-0.186052102,-0.107417231,-64.20622881,2.878920333,4.511538462
222,1,0.633423291,-0.157740296,3.343419581,2.944438979,-0.174555808,-0.232170941,-0.074674013,-58.35990578,4.070759181,4.908921933
223,3,0.526387278,0.972397275,4.031286426,2.48490665,-0.164100799,-0.121626064,-0.086002615,-56.85053464,3.875009484,5.798816568
224,2,0.58294999,0.062044755,3.974997805,2.079441542,-0.183310517,-0.12818707,-0.048450158,-60.39778517,4.315168098,5.124413146
225,2,0.453559962,0.286739974,3.991296186,2.079441542,-0.121223574,-0.117714965,-0.151969366,-57.54340397,4.352963949,5.009237875
226,0,0.123258065,-0.859690148,2.740840024,0.693147181,-0.288730719,-0.179605302,0,-64.9802736,2.562465749,4.741935484
227,4,0.657646725,-0.134372339,4.283586562,2.48490665,-0.140670291,-0.06780635,-0.04794633,-59.47133416,4.49183777,4.798850575
228,3,0.431022928,-0.632488283,4.037774211,2.302585093,-0.131609017,-0.1028689,-0.083992105,-65.00479899,2.442442728,4.148148148
229,2,0.653130608,0.221620628,3.815173179,2.564949357,-0.161200943,-0.169745572,-0.130188911,-58.50597279,3.945209205,5.072881356
230,1,0.727952381,0.133374207,3.737669618,1.386294361,-0.186241726,-0.133630621,0,-67.69965538,2.051574374,4.363095238
231,2,0.428217391,-0.271454612,3.423176288,1.098612289,-0.197765418,0,0,-50.15412783,2.980132685,5.586956522
232,2,0.084411765,-1.493151381,3.526360525,0,-0.300726041,-0.297044263,-0.171498585,-61.61847435,1.807637548,4.911764706
233,2,0.362326087,-0.35748748,3.976561527,1.791759469,-0.120451126,-0.147901995,-0.079056942,-65.04411013,3.163948236,4.428125
234,2,0.585543794,0.044365546,4.311757439,1.945910149,-0.112642769,-0.107211253,-0.115801389,-58.16098976,3.931119103,4.563218391
235,3,0.572185954,-0.474113939,4.119037175,2.079441542,-0.113418222,-0.090166963,-0.063757671,-63.12071494,3.233095753,4.611788618
236,1,0.527279748,-0.573921563,4.80947065,1.791759469,-0.118832925,-0.122252412,-0.097523687,-61.00065363,4.132403793,4.389945652
237,2,0.621627193,0.24024758,3.947741088,2.397895273,-0.135138993,-0.059234888,-0.093658581,-58.34175915,3.671583915,5.298245614
238,2,0.610403888,0.2601381,4.019381524,2.708050201,-0.179833144,-0.165966594,-0.077382323,-60.16611537,4.356630558,5.281437126
239,1,0.636821281,-0.239950895,3.669951444,2.079441542,-0.184707903,-0.138232703,-0.056433265,-63.63428706,3.662290993,4.668789809
240,1,0.577211712,-0.065829792,3.456767233,1.945910149,-0.17273006,-0.116247639,-0.067115606,-61.79126211,3.212092347,4.612612613
241,2,0.585986395,-0.82673161,4.201975226,2.397895273,-0.12840803,-0.104328106,-0.110656667,-62.59545407,4.155518221,4.614965986
242,2,0.529722677,-0.080827992,4.204692619,2.302585093,-0.143376916,-0.19699231,0,-60.22594568,3.993548064,4.853731343
243,2,0.620448885,-0.067235754,4.319909422,2.397895273,-0.150107541,-0.151573768,-0.077755702,-58.20895815,4.083337384,4.911729141
244,2,0.560610093,-0.719397789,3.995576028,2.63905733,-0.132759832,-0.125573585,-0.072499943,-61.21943637,3.955722597,4.650459921
245,3,0.580353952,-0.863945523,4.577284982,2.079441542,-0.113832716,-0.156274098,-0.09485478,-62.34800967,4.074110607,4.485861183
246,1,0.522121212,-0.101010885,3.314186005,1.386294361,-0.187252737,-0.269679945,0,-56.34201024,2.812431855,5.3
247,2,0.593450548,-1.328482041,4.198454296,2.48490665,-0.122799728,-0.132370323,0,-61.59101093,4.337091659,4.683354193
248,3,0.548836481,-0.904909904,3.553441483,2.708050201,-0.12759732,-0.151329982,0,-61.35513272,3.860873035,4.889312977
249,1,0.684029222,-0.597192577,3.983413002,2.302585093,-0.140363107,-0.192986911,-0.167131568,-62.0782404,3.873199828,4.450651769
250,2,0.742223764,-0.362328786,3.715602524,2.48490665,-0.140375649,-0.142421823,-0.09007547,-64.67110277,3.488321087,4.419878296
251,1,0.810364972,-0.487404047,3.672072336,1.098612289,-0.173076828,-0.092057462,0,-55.84563036,3.346340975,5.279661017
252,1,0.477179719,-0.719693137,3.502549876,1.609437912,-0.213171022,-0.21952852,-0.155230105,-64.08650712,3.152712103,4.71686747
253,2,0.5981933,-0.044348467,2.990719732,2.302585093,-0.172969545,-0.070888121,-0.122781826,-57.05696115,3.36943542,4.798994975
254,2,0.66689758,-0.010199503,3.409496184,2.079441542,-0.123303812,-0.090909091,-0.111340443,-55.57860532,3.611211199,5.198347107
255,3,0.551979342,-0.228236454,3.862832761,2.302585093,-0.13535441,-0.079388419,-0.102490008,-61.00065363,3.199125631,4.556722689
256,3,0.641685633,-0.037165912,3.898599985,2.197224577,-0.131954303,-0.171111891,0,-64.10047387,3.557803502,4.628378378
257,1,0.651834457,0.322877221,3.810359352,1.791759469,-0.150726388,-0.242982696,-0.085907356,-57.11896791,3.930456411,4.84501845
258,3,0.590328052,-0.515759785,3.895524006,2.397895273,-0.094040528,-0.085986716,-0.06080179,-62.93888922,4.052310632,4.502772643
259,2,0.596757873,-0.70881413,4.065134184,2.397895273,-0.131729518,-0.172166157,-0.078995251,-60.39252262,4.290780784,4.628705148
260,3,0.619204994,-0.971680998,3.519416052,2.833213344,-0.152178267,-0.110431526,-0.072294404,-60.22594568,4.192636112,4.970383275
261,2,0.704398386,0.007469744,3.780394563,2.48490665,-0.134718265,-0.097497197,-0.075521004,-53.32442579,4.338045408,5.186311787
262,3,0.451410651,-0.460887614,4.262679877,1.386294361,-0.16744545,-0.145350475,-0.083918136,-62.17429863,3.663034058,4.450704225
263,2,0.70005787,0.225064682,3.753417975,1.791759469,-0.16631411,-0.153093109,-0.088388348,-57.1547447,3.448193499,5.23046875
264,2,0.652091306,-0.594852751,4.311917068,2.48490665,-0.141157771,-0.137820221,-0.047271946,-58.86982818,4.227173956,5.041340782
265,2,0.58025949,-0.415351978,6.035481433,0,-0.079477342,-0.048911599,-0.048911599,-65.12657126,3.677696501,4.275119617
266,1,0.598421053,0.268601573,3.126760536,1.609437912,-0.232132883,-0.187317162,-0.093658581,-59.78648486,2.744398824,4.394736842
267,1,0.624142014,-0.673177597,4.170962609,2.197224577,-0.113187475,-0.124247305,-0.071734215,-66.21806227,3.347068258,4.483704974
268,2,0.458187831,-0.561602131,3.737669618,2.197224577,-0.140309824,-0.170588772,-0.072739297,-60.39252262,4.130266883,4.706349206
269,3,0.612398199,-0.95948124,4.47607339,2.197224577,-0.151788423,-0.079505424,-0.071111813,-59.72627148,4.321066828,5.001264223
270,3,0.729039216,-0.63701012,4.787491743,1.609437912,-0.122944232,-0.081649658,-0.040824829,-62.06370268,4.207275916,4.686666667
271,3,0.706633437,-1.356349048,4.16018432,2.48490665,-0.118355623,-0.095408232,-0.072121845,-64.34209213,4.020022455,4.516254876
272,2,0.640729178,1.011122198,4.131523565,2.397895273,-0.17505769,-0.114624108,-0.054034323,-56.23842014,4.366040525,6.213138686
273,2,0.718875376,-0.136494202,3.717996853,2.397895273,-0.1465548,-0.239572835,-0.046984099,-54.02518108,4.188659247,5.324503311
274,2,0.727372054,0.168038317,3.90197267,1.791759469,-0.143402736,-0.100503782,0,-68.40764495,2.631812913,3.821548822
275,0,0.506428571,-0.566183195,2.63905733,1.386294361,-0.250781357,-0.133630621,0,-65.77012577,2.040164336,4.607142857
276,0,0.71425,-0.606358471,2.772588722,1.609437912,-0.306886517,-0.193649167,-0.223606798,-54.11827646,2.826914499,5.675
277,2,0.598710145,-0.393081629,4.051784948,2.48490665,-0.114596898,-0.114208048,-0.065938047,-61.18496183,3.766606436,4.614492754
278,4,0.642648894,-0.794064575,4.099332104,2.302585093,-0.142118721,-0.057591228,-0.081446296,-63.41417029,3.713730217,4.713101161
279,2,0.673937432,-0.115160486,4.481460532,2.397895273,-0.095440146,-0.10638079,-0.071721914,-57.32942873,4.086411903,4.87037037
280,3,0.606759576,-1.138506764,4.051784948,2.48490665,-0.108205571,-0.178561076,-0.038069349,-59.6621506,4.589179626,5.042028986
281,2,0.756303575,-0.291197188,4.372607413,1.386294361,-0.106106719,0,0,-61.23414983,3.723679036,4.630914826
282,2,0.622717397,-0.018827089,3.698829785,2.302585093,-0.135103283,-0.12186667,-0.070359754,-57.19679009,3.659452517,5.45049505
283,2,0.640339075,0.497284015,3.967384935,2.564949357,-0.170181415,-0.178950523,-0.100941709,-58.33624426,3.99487841,5.119359534
284,2,0.678514007,0.410673245,4.155404819,2.197224577,-0.134544574,-0.191273014,-0.072294404,-56.94591056,3.716723141,4.820557491
285,3,0.683288732,-0.709359151,5.192956851,1.386294361,-0.119908155,0,-0.0372678,-65.17517538,4.05054475,4.233333333
286,2,0.570264641,-1.290477817,4.50313746,2.302585093,-0.108867029,-0.066555833,-0.057639042,-61.0281929,3.772192915,4.764119601
287,3,0.731660465,0.118423825,3.984343667,1.386294361,-0.132212851,-0.136398868,0,-65.1861441,3.02512939,4.595348837
288,1,0.587789527,-0.505146364,4.18289796,2.197224577,-0.129101393,-0.142614807,-0.082338697,-56.21455818,4.150211993,4.837288136
289,2,0.488593367,-1.575113436,4.33073334,2.302585093,-0.113571048,-0.088852332,-0.081110711,-67.87105937,3.685988828,3.997368421
290,2,0.733044831,0.21356933,4.005057871,2.079441542,-0.126814915,-0.106721702,-0.082666275,-59.62912591,4.38238041,4.646924829
291,3,0.586693651,-0.078974339,3.449987546,2.302585093,-0.126364833,-0.056343617,-0.079681907,-67.32816365,2.825134612,4.092063492
292,4,0.572556815,-1.421594495,4.527980547,1.945910149,-0.133685284,-0.124225999,-0.068041382,-67.45868412,3.545728842,4.236111111
293,3,0.601504521,-0.403710093,3.858622229,2.302585093,-0.166282985,-0.159111457,-0.06495698,-60.61500017,3.641211152,4.793248945
294,3,0.659654959,0.766767281,4.477336814,2.397895273,-0.140627898,-0.115886807,-0.090909091,-57.44996152,4.461300894,5.166322314
295,1,0.02173913,-0.008196589,2.730029108,1.098612289,-0.224449405,-0.147441956,0,-60.47167292,2.757273488,4.5
296,3,0.648749456,-0.196723496,4.305565469,2.197224577,-0.138491895,-0.086580898,-0.1024439,-64.16499515,3.783256151,4.313343328
297,3,0.578535256,-1.087651137,4.158883083,2.48490665,-0.128984041,-0.088388348,-0.036084392,-63.93557437,4.265334285,4.440104167
298,2,0.63234668,0.217676097,4.011365449,2.197224577,-0.21378534,-0.195523339,-0.089712261,-60.8609388,4.117926803,5.716297787
299,3,0.583543647,0.165460027,4.166665224,1.386294361,-0.185186284,-0.164717282,-0.15249857,-53.97560639,3.507499344,6.600775194
300,2,0.606201575,0.092720361,3.751854253,2.302585093,-0.192955066,-0.12818707,-0.153212853,-56.91828931,3.716401226,5.147887324
301,1,0.479504762,0.02985286,3.737669618,1.386294361,-0.211438054,-0.204124145,-0.109108945,-61.61839119,3.026343331,4.916666667
302,2,0.564315271,-1.118170523,3.144152279,2.995732274,-0.133682449,-0.185695338,-0.08040844,-68.28132409,3.720549818,3.905172414
303,2,0.502979907,-0.86745213,3.804808921,2.48490665,-0.105346752,-0.136208941,-0.086146098,-63.93557437,3.747351708,4.441558442
304,2,0.573946611,-0.275052103,3.600731067,2.079441542,-0.152030475,-0.058420624,-0.101187489,-67.67605069,3.394439995,4.054607509
305,3,0.670593407,0.058758798,3.085344432,2.772588722,-0.155787605,-0.169030851,-0.075592895,-58.30363327,3.705109442,6.182857143
306,3,0.428289377,-0.516529976,3.530030254,2.079441542,-0.146604293,-0.060522753,-0.060522753,-63.60559084,3.140062211,4.424908425
307,1,0.543542748,-0.341147518,3.857214769,2.197224577,-0.207621329,-0.118678166,-0.096900317,-65.80296396,2.738925581,4.030516432
308,4,0.684935517,-1.064611766,4.065134184,2.397895273,-0.131923831,-0.096749028,-0.088319375,-65.68234061,3.468611401,4.126365055
309,3,0.654910116,-0.127077868,4.688285093,1.791759469,-0.116270606,-0.117489067,-0.055384878,-54.17101975,4.093543604,5.484662577
310,3,0.543494419,-0.092102818,3.917010547,2.48490665,-0.136068497,-0.115182457,-0.057591228,-59.43566884,4.2883856,4.817578773
311,3,0.631015615,-0.642249655,4.587878689,1.945910149,-0.13519176,-0.085249292,-0.066033818,-62.71414125,4.60489833,4.598837209
312,3,0.675230721,-0.437461059,3.917010547,2.079441542,-0.144937924,-0.086386843,-0.086386843,-66.46240451,3.699348201,4.475124378
313,3,0.653555598,-0.509280405,4.034240638,2.48490665,-0.104378869,-0.094072087,-0.085875673,-56.45943497,3.983454018,4.666666667
314,2,0.627811111,-0.61109737,4.227875955,1.945910149,-0.127829364,-0.079056942,-0.045643546,-66.86026412,3.118075036,4.020833333
315,2,0.623233561,-0.372358089,4.062009182,2.397895273,-0.123861961,-0.137037742,0,-65.33780953,3.52992335,4.341158059
316,2,0.651211214,-0.535410216,4.341441355,2.397895273,-0.107390823,-0.068802092,-0.091016612,-57.62881177,4.547948706,4.959763314
317,2,0.508019616,-0.439435395,4.427836171,1.386294361,-0.174720504,0,-0.054635836,-58.51679989,4.090304523,4.943283582
318,2,0.628186323,-0.441797131,4.613882127,2.079441542,-0.138709908,-0.140806669,-0.086226123,-60.09991888,4.312922889,5.109045849
319,2,0.614912025,-0.352990486,3.852803646,2.079441542,-0.1333346,-0.212350743,-0.103005241,-58.18347855,4.126755503,4.864721485
320,1,0.635400324,-0.071376615,3.430756184,2.302585093,-0.127118632,-0.113776025,-0.080451799,-64.26184331,2.093425731,4.194174757
321,1,0.877885281,0.067443884,3.90197267,2.302585093,-0.183764168,-0.127128345,-0.077849894,-58.54714249,4.248635101,5.218181818
322,4,0.594613846,-0.425893511,3.668676747,2.708050201,-0.119928148,-0.193429486,-0.08247861,-59.77722959,4.06106464,4.836734694
323,2,0.616024649,-0.421393646,3.694419634,2.197224577,-0.137663123,-0.157676499,-0.091034569,-59.48251233,4.145561013,4.837016575
324,2,0.449485863,-1.483869858,4.112363068,2.397895273,-0.116975636,-0.115727512,0,-61.34047733,3.878360567,4.669642857
325,2,0.62214539,-0.22946225,3.157000421,1.791759469,-0.171356241,-0.119098267,0,-60.71906517,3.107450109,4.716312057
326,2,0.517870963,0.38234909,3.919685878,2.564949357,-0.185436065,-0.174740811,-0.078146467,-58.59477885,4.064601035,5.167938931
327,3,0.583828888,-0.647581463,4.213361404,2.48490665,-0.131947117,-0.111042587,-0.06082053,-64.26862233,3.037993244,4.244143033
328,2,0.512634928,-0.610846791,4.257973986,1.791759469,-0.100119203,-0.118957738,-0.097128586,-56.14117241,3.698578026,4.485849057
329,2,0.454964286,-0.963618022,4.430816799,0,-0.255310361,-0.243975018,0,-57.6282736,2.026470543,4.416666667
330,3,0.580495527,-1.581736732,4.063480988,2.833213344,-0.128297426,-0.14571743,-0.055076011,-63.58575662,3.6791589,4.448938322
331,1,0.50237694,-0.411827292,3.308106959,1.791759469,-0.170441342,-0.206598468,0,-59.874283,3.677586895,4.981707317
332,3,0.610248128,-1.007135222,4.223700583,2.63905733,-0.101046208,-0.064684623,-0.072319607,-64.80902574,3.561162107,4.341004184
333,2,0.505940144,-0.559409618,4.148411783,2.48490665,-0.123329285,-0.166227492,-0.120306626,-58.03851282,3.943791276,4.798684211
334,2,0.579259808,-0.82864687,3.54207353,2.564949357,-0.141910694,-0.115598568,-0.066740864,-63.35699134,4.248646189,4.708240535
335,3,0.617825343,-0.747062883,4.447053318,2.079441542,-0.128884042,-0.153055746,-0.038263937,-65.72898357,3.857616216,4.254758419
336,2,0.602280184,0.098491632,3.48999288,2.63905733,-0.135542754,-0.168292721,-0.093352006,-59.0923063,4.069774502,4.60130719
337,4,0.638787879,-0.962994908,3.976080642,2.564949357,-0.110965798,-0.131590339,-0.037986859,-66.36665837,3.708196995,4.334776335
338,3,0.500275862,-0.116674258,3.688879454,2.302585093,-0.179011878,-0.15,-0.1,-65.24291885,3.760067814,4.3525
339,3,0.610769006,-0.339426477,4.33073334,1.098612289,-0.172117063,-0.288675135,0,-56.81488841,3.972414975,4.807017544
340,2,0.47263675,-0.342717798,3.819542153,2.48490665,-0.150243409,-0.113124157,-0.060467406,-61.39523477,3.546687674,4.391224863
341,3,0.617758333,-0.298423638,4.094344562,2.079441542,-0.159847526,-0.136930639,-0.064549722,-65.57928191,4.055239911,4.41875
342,2,0.745692308,0.160159615,2.839386203,2.944438979,-0.156796278,-0.271746488,-0.110940039,-64.43977071,4.468455364,4.544615385
343,3,0.691570988,-0.736929381,3.987299126,2.397895273,-0.102400474,-0.129859179,-0.071126802,-57.69434536,4.216384114,5.008431703
344,2,0.684454502,-0.905980335,4.270862272,2.48490665,-0.137259306,-0.15258731,-0.076293655,-62.20988139,4.133571023,4.803259604
345,2,0.6826625,-0.494703409,4.158883083,0.693147181,-0.128778445,-0.088388348,0,-66.46240451,2.765133559,4.15625
346,1,0.59397028,0.258259366,4.276666119,1.945910149,-0.12985314,-0.140859042,-0.125988158,-60.18330786,3.600799347,4.376984127
347,2,0.644155594,-0.384414297,3.951243719,2.397895273,-0.140690509,-0.093494699,0,-57.38000217,3.995625361,5.76048951
348,2,0.544373365,0.267062259,3.964615456,2.302585093,-0.169340595,-0.115250737,-0.075449318,-57.04851349,4.010257979,5.605313093
349,3,0.69160394,0.021441522,4.244591529,2.397895273,-0.12187037,-0.088445948,-0.051064292,-57.69812662,3.993412002,4.973924381
350,3,0.622530005,-0.722436152,4.483516031,2.397895273,-0.138810985,-0.139668131,-0.064084134,-58.91293066,4.429052152,5.058521561
351,3,0.561563988,-0.440737187,3.737669618,2.302585093,-0.141525621,-0.109108945,-0.109108945,-63.89241865,3.938011434,4.633333333
352,3,0.714897935,-0.178732919,3.934273614,2.079441542,-0.127379483,-0.098893635,0,-55.75318867,3.755106747,5.224938875
353,2,0.546158944,-1.251359442,5.702114418,0.693147181,-0.13452664,-0.070769677,-0.0577832,-66.22884674,3.787469989,4.160267112
354,2,0.56163412,-0.194849154,4.281703913,2.397895273,-0.141911803,-0.141776241,-0.070888121,-59.56991209,4.389874287,4.68718593
355,2,0.637497986,0.100949767,3.55296427,2.48490665,-0.150480348,-0.162027724,-0.109239069,-59.24968812,3.568067056,4.892601432
356,1,0.582151481,-0.635955175,4.333361463,1.609437912,-0.126420589,-0.125491161,-0.072452356,-60.99293698,3.411214188,4.643044619
357,3,0.594584899,0.207244058,3.595941458,2.995732274,-0.198121599,-0.097990789,-0.10475656,-56.91828931,4.530613701,5.352537723
358,2,0.721895522,0.797449987,4.220843711,2.397895273,-0.19719521,-0.318541402,-0.063287759,-54.90414331,4.389742194,6.269692924
359,4,0.592643449,-1.202588103,4.032196344,2.564949357,-0.12268593,-0.10447034,-0.073871686,-65.97741766,3.654037595,4.145975443
360,2,0.544910691,-0.229747432,4.300002799,2.302585093,-0.119373648,-0.090228114,-0.082366623,-64.2235846,3.905583889,4.54816825
361,3,0.526893116,-0.864907842,3.828641396,1.791759469,-0.089062076,-0.085125653,0,-62.23685008,3.382913941,4.445652174
362,2,0.655922631,-0.279628217,3.983678994,1.945910149,-0.158543806,-0.136444206,-0.0893237,-56.43790231,4.331646688,5.007978723
363,4,0.506029787,-0.882344845,4.186619838,1.609437912,-0.129776626,-0.123278418,0,-63.629774,3.67983174,4.29787234
364,4,0.549489449,0.525595826,4.144354983,2.564949357,-0.135570872,-0.110431526,-0.104764544,-59.69069332,3.321613389,4.482926829
365,1,0.497218897,-0.550193328,4.066887716,2.079441542,-0.111686003,-0.153475092,0,-63.69432132,4.295930642,4.64882227
366,2,0.435215686,-1.228027845,3.749504076,1.791759469,-0.14932038,-0.331366748,0,-67.60034473,2.870882009,4.223529412
367,2,0.40467141,-0.655326194,4.103561217,2.197224577,-0.129792781,-0.121156507,-0.074192905,-62.45499881,4.016325517,4.662385321
368,2,0.673738114,0.820701744,5.394763265,1.386294361,-0.106012803,-0.279857269,-0.033690856,-57.61592003,3.760447829,4.843359818
369,2,0.493868612,-0.31178705,4.332923922,1.791759469,-0.133133097,-0.162043839,-0.081021919,-61.21033943,4.021428725,4.573304158
370,1,0.670252008,-1.056625022,3.502549876,1.609437912,-0.136251004,-0.21952852,-0.10976426,-63.30698959,3.539852656,4.385542169
371,3,0.655859422,0.097259357,3.711537478,2.48490665,-0.122960566,0,-0.045129368,-66.46240451,3.319724833,4.309572301
372,4,0.589965401,-1.054551793,4.417635062,2.302585093,-0.124561907,-0.091890741,-0.060156611,-65.29403042,3.140927479,4.173703257
373,2,0.585928744,0.092213909,3.679460232,2.079441542,-0.132166376,-0.097281665,-0.112331191,-56.87728317,3.49860092,4.996845426
374,2,0.644491141,0.007106663,3.826663156,2.397895273,-0.115047875,-0.062931678,-0.088998832,-57.57828962,3.286017728,5.003960396
375,1,0.605990714,-0.54394756,5.225746674,0.693147181,-0.129034596,-0.171958985,-0.051847585,-66.9764296,3.184866282,4.102150538
376,4,0.579598092,-1.553022884,3.824284091,2.708050201,-0.122193305,-0.137560361,-0.085311314,-64.82814343,2.975614973,4.160116448
377,3,0.639525457,-0.711018203,3.868593448,2.079441542,-0.127628392,-0.114257736,-0.051097613,-68.08117606,3.215436652,4.459530026
378,2,0.56520659,-0.684450187,3.775630381,2.079441542,-0.137349532,-0.119693975,-0.092714554,-60.80303779,3.228091402,4.074498567
379,1,0.252098522,-0.846154129,2.674148649,1.386294361,-0.295475922,-0.262612866,0,-59.11649856,2.425987562,6.379310345
380,2,0.638031618,-0.676389201,4.833632899,1.791759469,-0.120531415,-0.081432793,-0.036417852,-66.26211661,3.639384862,4.143236074
381,4,0.652329719,-0.763471112,4.584967479,2.079441542,-0.107269063,-0.050507627,-0.050507627,-61.10531179,4.329937778,4.691326531
382,3,0.591467104,-0.918680999,4.128924896,2.197224577,-0.112799241,-0.084590987,0,-67.92642608,3.543816902,3.994633274
383,2,0.587834828,-0.419838987,3.550139716,2.397895273,-0.163935735,-0.144525875,-0.114257736,-57.1367954,3.428243236,5.365535248
384,3,0.619066087,-0.150500803,3.49216916,1.945910149,-0.133948983,0,0,-64.83962558,2.924498004,4.191304348
385,2,0.397747788,-0.120355614,4.034240638,0.693147181,-0.078310578,0,0,-57.30495513,3.3666447,4.955752212
386,2,0.744037815,-0.271549571,3.749504076,1.386294361,-0.129319739,-0.132842233,-0.108465229,-54.96678224,2.951848697,5.129411765
387,2,0.513812188,0.179022794,3.287084075,2.833213344,-0.210258725,-0.239045722,0,-56.128723,3.887825412,5.815384615
388,2,0.61267914,0.84398298,4.53044664,2.302585093,-0.13015347,-0.146805055,-0.098479825,-60.48655771,3.658548279,4.567887931
389,2,0.608610205,-0.278096638,3.942328355,2.564949357,-0.107785855,-0.054635836,-0.066914961,-57.63536552,4.508582436,5.008955224
390,2,0.703984637,-0.162370077,3.795489189,2.48490665,-0.124448568,-0.096764125,-0.074953169,-64.29927947,3.658358108,4.720973783
391,3,0.549376335,-0.669290259,3.767822656,2.63905733,-0.110596319,-0.057448499,-0.081244446,-65.97741766,3.481211097,4.166666667
392,2,0.668738388,-0.256119392,3.732159962,2.564949357,-0.119057942,-0.042914108,-0.085828215,-60.07901763,3.302426255,4.779005525
393,2,0.500979134,-0.382189507,3.745574798,1.791759469,-0.153826602,-0.062745581,-0.062745581,-57.07528883,3.496893904,4.877952756
394,3,0.672798341,-1.123091691,4.430816799,1.791759469,-0.098791975,-0.133630621,-0.077151675,-67.88935243,3.615768032,3.936507937
395,2,0.5934718,0.096326543,4.137829674,2.48490665,-0.113978833,-0.096480623,-0.063161394,-60.68586219,3.449708306,4.621010638
396,1,0.492564856,-0.598641148,4.033435809,2.397895273,-0.145872421,-0.144685789,-0.069504805,-61.14449041,3.543362661,4.739130435
397,3,0.714150645,0.228266734,3.725693427,2.48490665,-0.123794279,-0.100200602,-0.077615053,-59.43566884,3.990163774,4.925702811
398,1,0.653535655,0.302775448,3.288401888,1.609437912,-0.17159788,-0.211603685,-0.086386843,-62.81464691,3.15161487,4.462686567
399,3,0.64197179,-0.277283051,4.153006475,2.079441542,-0.084766611,-0.147006809,0,-63.6691812,3.115583566,4.365422397
400,2,0.633270613,-0.566875991,3.639608405,2.564949357,-0.132569057,-0.185319816,-0.063564173,-64.26184331,3.288434655,4.418181818
401,1,0.82175,-0.49162031,3.218875825,0.693147181,-0.126002621,0,0,-66.88131063,1.215367718,4.36
402,3,0.642889076,-1.103310711,4.17438727,2.397895273,-0.147397994,-0.105777177,-0.052888589,-60.81130937,3.498969872,4.864335664
403,2,0.571301177,-0.810935906,4.232656178,2.302585093,-0.139588311,-0.120473184,-0.085187405,-60.66525698,4.290128346,4.76777939
404,3,0.529124205,-0.447962313,4.098502572,2.48490665,-0.163817885,-0.148761601,-0.09839655,-55.85794173,3.765152435,4.604426003
405,2,0.4240482,-0.102337029,4.001254139,1.791759469,-0.126563587,-0.135250445,-0.078086881,-56.29843849,3.318843614,4.853658537
406,2,0.691506579,0.059411265,3.47506723,2.302585093,-0.111471263,-0.096373885,-0.055641488,-57.19257364,3.660419942,5.089783282
407,2,0.438256948,-0.303607219,4.070734697,1.609437912,-0.125180033,-0.082619238,-0.116841248,-59.58715196,4.075859872,4.631399317
408,3,0.618329913,-0.901891532,4.071161227,2.079441542,-0.160105967,-0.079978675,-0.04617571,-64.68681379,3.829625375,4.671641791
409,2,0.470703302,-0.10134527,4.208947945,1.945910149,-0.128300706,-0.206065147,0,-58.3859607,4.080440183,4.8492569
410,2,0.618935914,-0.44276611,3.204657576,2.833213344,-0.192388698,-0.154487373,0,-61.21943637,3.515855394,6.164677804
411,3,0.525290908,-0.475100461,4.021375542,2.197224577,-0.112605077,-0.077305211,0,-64.95416765,3.865178186,4.131474104
412,2,0.589238313,-0.291744729,3.52962317,2.197224577,-0.138308646,-0.20577968,0,-60.73130159,3.820764881,4.811074919
413,3,0.735043986,-0.2704233,4.209655409,2.48490665,-0.140933106,-0.14505035,-0.086172748,-57.87718004,3.915208324,5.097772277
414,2,0.615968553,-0.459086547,2.583997552,2.079441542,-0.125195304,0,0,-66.34245512,3.108615033,4.575471698
415,2,0.684038377,0.132245389,4.34120464,1.609437912,-0.182012792,-0.114108866,-0.072168784,-55.7436399,3.351742434,5.6796875
416,4,0.588824887,-0.111018068,4.373057965,1.945910149,-0.121824666,-0.185024956,-0.084895272,-57.31527495,4.429700721,5.041441441
417,2,0.732382335,0.0520914,3.48343548,1.945910149,-0.143741344,-0.132453236,-0.093658581,-64.0254566,3.761728374,4.149122807
418,3,0.608513918,-0.642060066,4.048882188,2.197224577,-0.136498911,-0.044022545,-0.044022545,-68.08117606,3.17421866,4.065891473
419,3,0.616591398,-0.587605228,3.875819957,2.197224577,-0.111189285,-0.067884423,-0.067884423,-66.24908868,3.541248056,4.082949309
420,2,0.659913576,0.094784116,4.063885355,2.302585093,-0.104783081,-0.082902667,-0.071795816,-55.69186752,3.518027553,5.276632302
421,2,0.522606888,-0.168117158,3.810359352,1.791759469,-0.184557387,-0.171814712,-0.085907356,-66.84093895,2.539472578,4.243542435
422,4,0.636668965,-0.301039159,4.613705088,1.945910149,-0.141917101,-0.092187763,-0.075270993,-63.60371897,3.589393316,4.242209632
423,1,0.553546122,0.945094052,3.886238888,2.397895273,-0.138223548,-0.188275758,-0.096583426,-59.63556267,4.006759813,5.072761194
424,2,0.693580155,0.454747,3.777856491,2.890371758,-0.153004816,-0.106938451,-0.118224906,-55.90444865,3.955927596,4.881829733
425,2,0.513661984,-1.656199309,3.448398983,2.995732274,-0.11208159,-0.232495277,-0.112776775,-68.1357596,3.096512556,3.918918919
426,4,0.601904075,-0.990322312,4.300680995,2.079441542,-0.140548202,-0.082338697,-0.092057462,-65.6744631,3.67463404,4.252542373
427,3,0.539483767,-0.880268286,4.179866736,2.63905733,-0.139850235,-0.144100754,-0.080977633,-57.38397755,4.222311668,4.595628415
428,2,0.426857143,0.01687374,3.96081317,1.386294361,-0.217750524,-0.207019668,-0.138013112,-60.09991888,3.04199397,4.861904762
429,2,0.567967742,-0.066399652,3.688879454,1.945910149,-0.134872652,-0.179284291,-0.05976143,-57.87718004,4.136552222,4.942857143
430,3,0.648951853,0.007477825,4.130355,2.302585093,-0.133726824,-0.080192694,-0.155292484,-57.9899521,3.497631217,4.979099678
431,2,0.537328659,-1.308515631,3.914876074,2.63905733,-0.123672031,-0.092450033,-0.092450033,-67.89197585,3.746933631,3.856125356
432,2,0.565106172,0.265611338,4.326337729,2.48490665,-0.124336676,-0.087802341,-0.093864651,-61.23475864,4.484936946,4.807268722
433,2,0.630212564,-0.308005864,4.017669195,2.63905733,-0.156218896,-0.13885318,-0.087818462,-62.16423041,4.443985784,5.186375321
434,2,0.626611026,-0.750763249,4.249922794,2.302585093,-0.130873718,-0.188847394,-0.084455122,-58.21872443,4.459011975,4.691868759
435,2,0.497591398,0.277013701,2.740840024,1.791759469,-0.215426635,0,0,-63.59775053,2.861050295,4.559139785
436,3,0.571856685,-0.129662392,3.306886702,2.302585093,-0.145572791,0,0,-63.18419437,3.233162208,4.509157509
437,3,0.587637198,0.583960701,4.413471467,2.197224577,-0.148628661,-0.146745768,-0.097063202,-56.17521569,4.477101353,5.908479139
438,1,0.553304938,-0.563376935,3.823191792,2.772588722,-0.146806758,-0.152394369,-0.104541675,-60.68586219,4.191139605,4.908469945
439,2,0.649747899,-0.014831306,3.372209845,2.63905733,-0.120754448,-0.085749293,-0.099014754,-62.31973036,3.747398571,4.669117647
440,3,0.583342703,-0.206097151,4.158883083,2.397895273,-0.15213314,-0.150755672,-0.053300179,-57.49024983,4.321262399,5.366477273
441,1,0.577206687,-0.182054764,3.880770462,2.564949357,-0.161646346,-0.225374468,-0.069006556,-61.12002569,3.528601764,4.676190476
442,2,0.642222222,-0.386111444,4.276666119,1.609437912,-0.140054195,-0.052704628,-0.074535599,-61.88277985,3.55759055,4.394444444
443,1,0.742983871,-0.027672082,3.790662148,1.945910149,-0.123108747,0,0,-65.43526042,3.287751123,4.525806452
444,2,0.556529279,-0.244181666,3.898599985,1.791759469,-0.136350194,-0.082199494,-0.058123819,-55.86794433,3.947557488,5.172297297
445,2,0.555028067,0.158659402,3.677450758,2.397895273,-0.158390405,-0.185695338,-0.135612701,-56.95942694,3.776310706,5.03908046
446,3,0.414075397,0.040993836,3.919991175,1.609437912,-0.140943817,-0.089087081,0,-60.80518114,3.379965065,4.658730159
447,2,0.632310174,-0.178267355,3.433987204,1.791759469,-0.174556311,-0.146647115,-0.103695169,-54.8456758,3.61541004,4.752688172
448,3,0.650515124,-0.110187683,4.224841051,2.397895273,-0.134768488,-0.109398744,-0.126322788,-55.7214882,3.843223373,5.355053191
449,2,0.727344828,0.261062061,3.590439381,2.079441542,-0.138840585,-0.155363867,-0.058722022,-52.89310996,3.783801593,5.537931034
450,4,0.530282994,-0.890134869,3.855045571,2.564949357,-0.127871077,-0.080713431,0,-61.83300172,3.750040437,4.781758958
451,2,0.615608205,-0.698006497,4.378896742,2.079441542,-0.15261223,-0.104746297,-0.039590379,-57.195633,4.402313951,4.985893417
452,3,0.667661757,-0.951013229,4.287028906,2.079441542,-0.145999463,-0.252138619,-0.082902667,-64.12579157,3.839579482,4.534364261
453,2,0.715026035,-0.093102007,4.02151782,2.63905733,-0.136561319,-0.13858624,-0.080012803,-57.195633,3.768166862,5.067861716
454,1,0.763377049,-0.212534757,2.858110896,1.945910149,-0.184855614,-0.221766381,-0.090535746,-57.90167658,3.333869093,4.655737705
455,4,0.626274816,0.496622051,3.616905954,2.890371758,-0.15266298,-0.177040345,-0.03863337,-54.00878464,3.403953445,5.780597015
456,2,0.56923961,-1.656105473,4.343805422,2.48490665,-0.156047105,-0.161164593,-0.087038828,-65.14950257,4.373486737,4.751082251
457,2,0.601534591,-0.188750864,4.193435465,1.386294361,-0.132332771,-0.137360564,-0.061429512,-58.88320678,3.658201385,4.290566038
458,1,0.708697712,-0.284025949,3.883035469,1.945910149,-0.148602801,-0.108465229,-0.054232614,-63.92106217,3.549501944,4.282352941
459,4,0.613861836,-1.199359502,4.173104396,2.48490665,-0.110442822,-0.06205716,-0.080115449,-62.88213615,3.213145547,4.38254172
460,2,0.532534483,0.272930477,4.147454388,2.397895273,-0.169668434,-0.177789751,-0.065653216,-58.21676616,3.686493816,5.04454023
461,4,0.516423026,0.235863485,3.906004933,2.302585093,-0.131067995,-0.118678166,-0.077693097,-63.92855585,3.501462451,4.672032193
462,3,0.633284598,-0.866032659,4.069975971,2.197224577,-0.13870911,-0.06160411,-0.097404651,-64.38975263,3.707036598,4.388994307
463,2,0.515972603,-0.176503609,3.278858529,2.397895273,-0.185624385,-0.226649207,-0.165521178,-57.69623599,4.079032655,5.561643836
464,3,0.563212121,-0.189456937,4.412798293,2.302585093,-0.120967808,-0.184226475,-0.077849894,-55.84664282,3.99833632,4.928484848
465,4,0.623333582,-0.798065539,4.342722585,2.48490665,-0.131135498,-0.098746203,-0.073601074,-56.52092219,4.691020812,5.114842904
466,2,0.715064626,-0.491301877,3.604138226,2.079441542,-0.141305901,-0.101015254,0,-68.11675202,2.437004631,3.911564626
467,2,0.666162914,0.566625689,4.352426165,2.197224577,-0.15913833,-0.151293895,-0.037823474,-55.25264441,3.461248271,5.566523605
468,1,0.560565035,0.125098555,3.171085161,1.791759469,-0.189815296,0,-0.083624201,-66.21806227,3.311394922,4.496503497
469,3,0.706383314,-1.065527826,4.273574926,2.197224577,-0.118476726,-0.039344474,-0.039344474,-66.46240451,4.076774013,4.092879257
470,4,0.64483234,-1.238194793,5.895779297,0.693147181,-0.083834772,-0.157350833,-0.037087947,-67.4175695,3.399167713,4.066024759
471,4,0.569529908,-0.136107941,3.748598689,2.564949357,-0.140086469,-0.159255514,-0.112610654,-57.14763528,4.571775823,4.96557971
472,3,0.74906926,-0.506810924,4.037186148,2.48490665,-0.114855862,-0.093933644,-0.085749293,-57.58534816,4.070673878,5.022058824
473,2,0.553347158,-0.605724518,3.588137884,1.791759469,-0.19960446,-0.325562257,-0.067884423,-62.45137756,3.588018401,4.958525346
474,2,0.433330211,-0.575106646,3.928552307,1.791759469,-0.125715105,-0.114519667,-0.099176941,-60.71906517,3.19269499,4.642622951
475,2,0.687549532,-0.790916795,3.77706202,2.772588722,-0.107703498,-0.084575858,-0.075646947,-60.73625481,4.224672492,4.605150215
476,2,0.731302564,-0.452820472,3.54577861,1.098612289,-0.138208926,0,0,-56.52092219,3.416912477,5.192307692
477,1,0.554349885,0.258706614,3.772760938,2.079441542,-0.156619082,-0.092847669,-0.141827157,-60.16611537,3.366833256,4.747126437
478,2,0.581293762,0.525797557,3.542166325,3.17805383,-0.160935391,-0.208388613,-0.098235334,-56.81215044,4.009047839,5.006031363
479,3,0.594061136,-0.744458067,3.832258037,2.48490665,-0.102675009,-0.084971858,-0.042485929,-67.6711217,3.175374282,3.841155235
480,2,0.64200867,-0.404374763,4.065134184,2.397895273,-0.142901616,-0.130998803,-0.039497625,-65.41760774,3.507122445,4.322932917
481,2,0.532291451,-0.26595177,4.1640779,1.791759469,-0.132880139,-0.05089866,0,-67.92546235,3.005604804,4.025906736
482,2,0.594848914,-1.684974464,4.363098625,2.48490665,-0.120412878,-0.092155136,-0.092155136,-61.91009283,4.265142554,4.442675159
483,2,0.684378066,0.390665486,4.566948973,1.386294361,-0.143839129,-0.101929438,-0.072074997,-57.71715473,3.80382432,4.919480519
484,1,0.459414141,-0.560621401,3.583518938,2.302585093,-0.124622734,-0.129099445,-0.105409255,-67.89197585,2.890355809,3.988888889
485,3,0.59469424,-1.222759759,4.461588458,2.079441542,-0.126471166,-0.084941199,-0.037986859,-66.89979234,3.289906894,3.911976912
486,2,0.74621244,0.082705041,4.348986781,1.609437912,-0.129878878,-0.176090181,-0.124514561,-56.23192999,2.974098996,4.687338501
487,3,0.524368208,-0.131747063,3.667217957,1.945910149,-0.15779681,-0.060412209,0,-61.88277985,3.96928763,4.591240876
488,2,0.640482391,0.205011383,3.85922482,2.63905733,-0.137842756,-0.122720173,0,-63.18662247,3.305341301,4.781626506
489,2,0.806945022,0.144792898,3.650658241,1.791759469,-0.136046761,-0.065795169,0,-60.67998366,3.104025571,4.705627706
490,4,0.587403829,-0.728364317,4.232293267,2.079441542,-0.117958927,-0.073787845,-0.060247523,-60.58973737,3.172410414,4.696914701
491,0,0.519885709,-0.207769116,4.069026754,2.079441542,-0.136254359,-0.080064077,-0.046225016,-63.51046403,3.014926578,4.594017094
492,3,0.58127853,-0.840635437,4.674696249,1.609437912,-0.140029843,-0.096583426,-0.086386843,-62.49070432,3.996307277,4.673507463
493,3,0.688653099,-0.004175362,4.137829674,1.098612289,-0.175625012,-0.145864991,0,-61.91009283,3.942192018,5.037234043
494,3,0.579824707,-0.365101263,3.919991175,1.609437912,-0.158415042,-0.178174161,0,-57.13777281,3.439190809,5.511904762
495,2,0.633911058,-1.346466808,3.855933539,2.397895273,-0.15468544,-0.180810143,-0.062017367,-68.32588789,2.96177844,4.140384615
496,2,0.678821903,0.23289925,3.811097087,1.609437912,-0.150512923,-0.066519011,0,-59.93372515,3.27137193,4.805309735
497,4,0.750643874,-0.00314927,4.149463861,2.302585093,-0.083158297,-0.068788525,-0.056165596,-57.36194385,3.904263093,4.938485804
498,2,0.510450768,-0.902583286,4.440509928,2.397895273,-0.133489125,-0.118040449,-0.092598547,-61.73558345,4.411913514,4.578778135
499,2,0.497683003,-0.03627162,3.718977485,2.197224577,-0.161430294,-0.179847195,-0.155752239,-67.93594937,3.354565008,3.555256065
500,3,0.68432222,-0.735596953,3.881563798,2.48490665,-0.132301713,-0.10966992,-0.041451334,-66.21450983,3.782067148,4.39347079
501,2,0.553787586,-0.211532083,3.723970774,1.945910149,-0.143579188,-0.058722022,-0.08304548,-66.14725803,3.380220974,4.424137931
502,1,0.182787879,-0.947996667,2.803360381,1.386294361,-0.235889323,-0.275240941,-0.174077656,-60.87083488,1.775026891,5
503,3,0.618341313,-0.057741156,3.877135746,1.945910149,-0.155410044,0,-0.076923077,-60.67747838,3.558950093,4.704142012
504,3,0.669368966,-0.092601123,3.590439381,2.48490665,-0.119163413,-0.107211253,-0.08304548,-59.4919571,3.723278345,4.793103448
505,2,0.492948009,-0.356208512,4.167772031,1.945910149,-0.149667754,-0.133038021,-0.156000908,-61.59255292,3.82803444,4.517699115
506,3,0.637800386,-0.346051324,4.378896742,2.48490665,-0.141573308,-0.140903192,-0.055989251,-57.19679009,4.381215806,5.171368861
507,3,0.589375408,-0.235721052,3.811097087,1.609437912,-0.139991876,-0.175992759,-0.115214306,-55.28452041,3.407001882,5.137168142
508,2,0.535402778,-1.251698526,4.063572904,2.397895273,-0.136176594,-0.131101106,0,-68.04043835,3.622321774,3.7453125
509,2,0.5836487,-0.149122124,3.634071218,2.708050201,-0.114013485,-0.102778306,-0.083918136,-58.50970827,3.499343086,4.48415493
510,2,0.652402828,-0.558390963,3.726496318,2.708050201,-0.12730566,-0.138786301,-0.06939315,-61.54027437,4.156510182,4.46388443
511,4,0.498726106,-0.755324092,4.715518243,1.791759469,-0.138738569,-0.177040345,-0.054635836,-60.59614655,3.594856014,4.589552239
512,2,0.596712551,-0.37937394,2.995732274,2.564949357,-0.204300686,-0.30382181,-0.087705802,-60.47759861,3.922470695,4.965384615
513,2,0.739074687,0.218035195,4.128924896,2.197224577,-0.152312115,-0.094575598,-0.042295493,-59.3004708,4.387889201,5.103756708
514,2,0.618538208,-1.367855439,4.732903552,2.079441542,-0.149614486,-0.132671625,-0.033167906,-64.80902574,3.915931787,4.434543454
515,2,0.604367127,-0.59814481,4.244200318,2.302585093,-0.100528847,-0.037877701,-0.037877701,-60.4302348,3.787178427,4.764705882
516,3,0.55812166,-0.366236502,3.468572784,2.397895273,-0.119007859,-0.150541986,-0.106449259,-56.15565504,2.642183938,5.011331445
517,2,0.440721831,-0.281356082,3.792676248,2.079441542,-0.112924508,-0.053074489,0,-61.19247241,3.811293145,4.571830986
518,2,0.660925466,0.141271005,3.605497845,2.302585093,-0.125856324,-0.052128604,-0.073720978,-56.90808854,3.996498683,4.980978261
519,2,0.610281249,-0.242848186,4.097118489,2.48490665,-0.156320207,-0.144137515,-0.128920513,-55.99178256,4.582512778,5.418282548
520,4,0.696154201,-0.44504056,4.146016573,2.397895273,-0.135394477,-0.084818893,-0.065700432,-58.48366383,4.110096305,4.958273381
521,1,0.489361965,-0.578281227,4.414816457,1.791759469,-0.12723586,-0.109985336,-0.044901326,-64.16266917,3.187951405,4.284274194
522,3,0.639736729,-0.682615728,4.001254139,2.48490665,-0.139540734,-0.087303787,-0.055215763,-62.86815777,4.029218159,4.567073171
523,3,0.591942275,-0.883906796,4.752357905,1.945910149,-0.100061698,-0.078518967,-0.092904894,-61.1954493,3.597897533,4.670776819
524,4,0.604536338,-0.145615377,3.936018511,2.63905733,-0.145302732,-0.139734756,-0.083507489,-61.79839163,4.255574941,4.548117155
525,1,0.613007092,-0.013147323,3.562465529,2.079441542,-0.151423838,-0.103142125,-0.119098267,-59.1978181,3.727595606,4.585106383
526,2,0.529993035,-0.734232888,3.693866996,1.609437912,-0.175255922,-0.186616909,-0.099750934,-62.42820967,3.143385677,4.497512438
527,1,0.586018162,-0.771806918,3.435452406,3.091042453,-0.166904562,-0.223115174,-0.076527873,-58.74814222,4.071342116,4.43045388
528,2,0.612536842,0.115380544,4.33073334,2.302585093,-0.110903619,-0.188484259,-0.051298918,-63.7772579,3.224960925,4.272368421
529,3,0.701130535,0.171798134,4.157680437,2.564949357,-0.114506028,-0.069379231,-0.091780096,-59.34831734,3.841642351,4.866425993
530,2,0.303545679,-0.028268508,3.701301974,0.693147181,-0.210178893,-0.19245009,0,-67.47498875,1.998132933,3.913580247
531,2,0.563409006,-0.569880347,3.688879454,2.564949357,-0.12703043,-0.075955453,-0.087705802,-66.84093895,2.999311471,4.184615385
532,4,0.65561343,-0.336354103,4.100989105,2.302585093,-0.122140597,-0.177361083,-0.070476148,-57.25843934,4.625941475,5.081125828
533,2,0.497380823,-0.336388065,3.416235259,2.397895273,-0.164628904,-0.077266741,-0.094632045,-61.21033943,3.766558287,4.480597015
534,2,0.716235372,-0.307924991,3.850147602,2.48490665,-0.17218944,-0.173614066,-0.119098267,-61.59255292,3.970228668,4.937943262
535,2,0.652568006,-0.880442416,4.061878761,2.48490665,-0.125476194,-0.09278104,-0.09278104,-61.38434447,3.507089007,4.361549498
536,2,0.617235577,-0.065896292,3.614771482,1.945910149,-0.19103046,-0.186052102,-0.107417231,-64.20622881,2.878920333,4.511538462
537,1,0.627685874,-0.156165919,3.343419581,2.944438979,-0.174595412,-0.215565307,-0.074674013,-58.30534709,4.208823205,4.910780669
538,1,0.586314082,-0.150047224,3.629660094,2.302585093,-0.221226572,-0.236014656,-0.145671408,-64.13879481,3.494653319,5.671087533
539,3,0.526387278,0.970822856,4.031286426,2.48490665,-0.163822581,-0.108785659,-0.086002615,-56.85053464,3.875009484,5.798816568
540,2,0.57165937,-0.442475227,4.004021924,2.397895273,-0.169885974,-0.122169444,-0.040723148,-60.39778517,4.156135054,5.023217247
541,2,0.60762963,0.881356977,3.826465117,2.302585093,-0.104200599,-0.147602481,-0.104370715,-57.1547447,4.115843024,4.954248366
542,2,0.494651062,0.234252713,3.906004933,2.302585093,-0.120931086,-0.109874631,-0.100301357,-57.56272032,4.327269726,5.070422535
543,3,0.653494043,-0.126696336,4.281285065,2.48490665,-0.14083226,-0.067884423,-0.048001536,-59.47070591,4.492669183,4.804147465
544,3,0.461726297,-0.680020734,4.02356438,2.302585093,-0.133166779,-0.103602377,-0.073257944,-65.00479899,2.490832523,4.175313059
545,2,0.601264531,0.485063859,3.586041008,2.397895273,-0.155009202,-0.100377123,-0.166456627,-57.1547447,3.616203899,5.062972292
546,3,0.711133082,-0.506708764,3.669951444,2.48490665,-0.113531338,-0.046077568,0,-65.25801132,3.376691372,4.074309979
547,2,0.702593427,-0.585833573,4.039536326,2.302585093,-0.126081593,-0.118678166,-0.072675237,-63.18453044,3.896239078,4.669014085
548,1,0.555035897,-0.065102914,3.663561646,1.386294361,-0.170985695,-0.265542502,-0.113227703,-63.96401398,3.226768302,4.615384615
549,2,0.363909762,-0.435275316,3.970291914,1.791759469,-0.121143051,-0.097128586,-0.056077215,-65.20250471,3.166635334,4.449685535
550,4,0.623787929,-1.295879458,4.090490993,2.564949357,-0.130470606,-0.080218492,-0.050734629,-67.68448143,3.662201403,4.063063063
551,2,0.570929508,-0.480781425,4.007333185,2.197224577,-0.112101641,-0.100503782,-0.063564173,-63.12071494,3.34730778,4.567676768
552,2,0.539076976,-0.6013877,4.816241156,1.791759469,-0.114917438,-0.127256953,-0.08214401,-61.00065363,4.1277013,4.363022942
553,2,0.623650294,0.272347816,3.952990444,2.397895273,-0.129977232,-0.072357461,-0.102328902,-58.32361252,3.682720456,5.322862129
554,2,0.485655941,0.384757296,3.228826156,2.079441542,-0.151790994,0,0,-63.81311711,2.330360049,4.762376238
555,2,0.610403888,0.2601381,4.019381524,2.708050201,-0.179833144,-0.165966594,-0.077382323,-60.16611537,4.356630558,5.281437126
556,2,0.515171469,-0.682820592,4.177180568,2.397895273,-0.142741688,-0.098807393,-0.064684623,-61.48786611,4.020120827,4.422594142
557,4,0.616537326,0.424832527,4.095732487,2.48490665,-0.1341475,-0.064504943,0,-58.56462767,4.216251785,4.651872399
558,2,0.636821281,-0.239950895,3.669951444,2.079441542,-0.184707903,-0.138232703,-0.056433265,-63.63428706,3.662290993,4.668789809
559,1,0.61875,0.088510343,3.324236341,2.197224577,-0.194266091,-0.089442719,-0.063245553,-61.89822168,3.20974666,4.636
560,3,0.723205714,-0.58673541,4.376328614,2.397895273,-0.150534204,-0.135224681,-0.058554004,-58.50597279,3.821118484,5.16
561,2,0.585986395,-0.82673161,4.201975226,2.397895273,-0.12840803,-0.104328106,-0.110656667,-62.59545407,4.155518221,4.614965986
562,2,0.563124478,-0.418881775,3.644737561,2.397895273,-0.121526624,-0.154119983,-0.048737018,-62.84267133,3.624334185,4.7695962
563,2,0.52063172,-0.103168173,4.207673248,2.302585093,-0.143083132,-0.176776695,0,-60.22594568,4.007867555,4.855654762
564,3,0.558455667,-0.629168803,4.369447852,2.397895273,-0.122954671,-0.095947819,-0.033922677,-61.21033943,4.288079459,4.616800921
565,2,0.653734726,-0.573175722,4.147885329,2.302585093,-0.130540084,-0.131824001,-0.039746432,-61.88277985,3.437313781,4.426540284
566,3,0.594403173,-0.822018202,4.590056548,2.079441542,-0.107135247,-0.146879556,-0.079656623,-62.34800967,4.10380154,4.473350254
567,0,0.552615385,-0.674140641,2.970414466,0.693147181,-0.068883409,0,0,-61.92407475,2.318093024,4.128205128
568,2,0.705903246,-1.476809508,4.07146578,2.63905733,-0.131691289,-0.135168051,-0.07803931,-57.66605359,4.218377192,5.123020706
569,2,0.534031718,-0.06262716,3.479039868,1.945910149,-0.161103172,-0.148413044,0,-57.58605339,4.006689928,4.559471366
570,2,0.607521021,0.198509338,4.239886868,2.302585093,-0.138144424,-0.131495499,-0.075918962,-60.16611537,3.886515284,5.425072046
571,2,0.537200711,-0.210367604,4.237723145,2.079441542,-0.125264782,-0.095001425,0,-60.03600844,3.57898651,4.911552347
572,2,0.522121212,0.013423607,3.314186005,1.386294361,-0.186818018,-0.233549683,0,-56.21810637,2.812431855,5.3
573,2,0.698801307,-1.035160549,3.635390769,2.48490665,-0.124007078,-0.046880723,-0.046880723,-65.00479899,3.257637276,4.167032967
574,2,0.593366211,-1.331823049,4.285465673,2.397895273,-0.122887761,-0.141509828,0,-61.48786611,4.350983123,4.683354193
575,2,0.579639098,-0.034268602,4.248495242,1.386294361,-0.127383754,-0.223606798,-0.103509834,-60.71906517,3.385903397,4.785714286
576,4,0.673538762,0.510136413,4.121743536,2.48490665,-0.134240547,-0.103975049,-0.036760731,-56.58754543,4.129039281,5.305405405
577,2,0.640374171,-0.206557982,3.172831886,2.079441542,-0.153422278,-0.125326798,-0.1617962,-58.41647786,2.312655466,5.261780105
578,1,0.559333333,0.148352459,3.355735008,1.098612289,-0.216648226,-0.15249857,0,-55.11143014,2.861758002,5.174418605
579,2,0.670607246,0.043508109,3.674490717,1.945910149,-0.14569475,-0.147441956,-0.060192927,-56.05926509,4.364601961,5.217391304
580,3,0.666210568,-0.881995171,4.327805081,2.197224577,-0.134467981,-0.12108987,-0.085623468,-67.60034473,3.425399768,4.092375367
581,3,0.549442521,-0.839924851,3.524397815,2.708050201,-0.130368964,-0.159813251,0,-61.1234485,3.898626381,4.99410609
582,3,0.451410651,-0.460887614,4.262679877,1.386294361,-0.16744545,-0.145350475,-0.083918136,-62.17429863,3.663034058,4.450704225
583,1,0.458187831,-0.561602131,3.737669618,2.197224577,-0.140309824,-0.170588772,-0.072739297,-60.39252262,4.130266883,4.706349206
584,3,0.566337662,-1.593563846,4.502029427,2.302585093,-0.112117078,-0.088093883,-0.105292329,-61.84333807,3.974701819,4.65631929
585,2,0.63234668,0.217676097,4.011365449,2.197224577,-0.21378534,-0.195523339,-0.089712261,-60.8609388,4.117926803,5.716297787
586,1,0.521550725,-0.594107362,2.730029108,1.098612289,-0.238358578,-0.294883912,0,-59.50149481,2.616305364,5.02173913
587,3,0.500224448,0.07709752,4.295015258,2.197224577,-0.12129264,-0.095346259,-0.087038828,-63.51197378,3.663291294,4.407575758
588,4,0.651211214,-0.535410216,4.341441355,2.397895273,-0.107390823,-0.068802092,-0.091016612,-57.62881177,4.547948706,4.959763314
589,2,0.628186323,-0.441797131,4.613882127,2.079441542,-0.138709908,-0.140806669,-0.086226123,-60.09991888,4.312922889,5.109045849
590,2,0.448583255,-1.449560199,4.104894773,2.397895273,-0.129659872,-0.13413055,-0.086580898,-61.34047733,3.861817183,4.653673163
591,0,0.62214539,-0.22946225,3.157000421,1.791759469,-0.171356241,-0.119098267,0,-60.71906517,3.107450109,4.716312057
592,3,0.659642492,-0.00188108,4.418840608,2.397895273,-0.151317385,-0.099285509,-0.046803638,-59.09018715,4.173494766,4.853231106
593,2,0.626311021,-0.496739015,3.90197267,2.302585093,-0.131642219,-0.127128345,-0.127128345,-56.17521569,4.112397951,5.096969697
594,0,0.598761905,-0.380985172,2.233592222,1.098612289,-0.318770735,-0.267261242,0,-53.54719037,2.513537832,5.071428571
595,2,0.493750367,-0.215558084,4.278978259,1.791759469,-0.138167076,-0.1664741,-0.08323705,-61.18373778,4.044523997,4.602771363
596,4,0.654712128,-0.788499151,4.586242176,2.079441542,-0.10826352,-0.050475447,-0.050475447,-61.10531179,4.32800966,4.689171975
597,3,0.582187202,-0.371477698,3.547525336,2.397895273,-0.166921965,-0.144714921,-0.11440719,-57.1367954,3.265885089,5.332460733
598,2,0.592197248,-0.301521938,3.305053521,2.079441542,-0.15019433,-0.165900379,-0.117309283,-65.02913682,2.922876459,4.151376147
599,2,0.56669392,-0.401620027,3.970291914,1.098612289,-0.176302408,0,0,-59.95241879,2.651545603,4.58490566
600,2,0.670720862,-0.067498758,3.680511204,1.791759469,-0.141182748,-0.09166985,-0.064820372,-59.43566884,3.460358035,5.012605042
601,3,0.642830476,-1.069208198,4.175784894,2.397895273,-0.147402724,-0.112115264,-0.052851642,-61.12002569,3.49749915,4.856145251
602,2,0.669549258,0.459129121,3.853415578,2.564949357,-0.119390322,-0.090313935,-0.090313935,-55.82505265,4.388814014,5.592169657
603,2,0.56593956,-0.951195614,4.094344562,2.564949357,-0.108935111,-0.151910905,-0.050636968,-64.79315833,3.623425997,4.470512821
604,4,0.645715395,-0.70036238,3.713572067,2.833213344,-0.140778182,-0.084697114,-0.065606103,-66.06225996,3.952936357,4.216642755
605,2,0.647580843,-1.372123132,3.52763848,3.135494216,-0.120416401,-0.107211253,-0.035737084,-65.01940368,3.695298757,4.121328225
606,1,0.615516026,-0.483527517,3.32708941,1.945910149,-0.215614797,-0.143222975,-0.071611487,-66.49892318,2.629104479,4.194871795
607,2,0.74693609,-0.094392497,3.098589659,1.791759469,-0.183548496,-0.193891684,-0.122627868,-56.16321525,3.53599707,5.714285714
608,3,0.601967905,-0.962751301,4.300680995,2.079441542,-0.140661541,-0.082338697,-0.092057462,-65.24291885,3.709442437,4.255932203
609,2,0.625116987,-0.340600752,4.02023659,2.63905733,-0.154360516,-0.156073618,-0.094733093,-62.49070432,4.363421228,5.178205128
610,2,0.497591398,0.277013701,2.740840024,1.791759469,-0.215426635,0,0,-63.59775053,2.861050295,4.559139785
611,3,0.69277506,-0.034781334,4.140485718,2.48490665,-0.116951373,-0.081432793,-0.05150262,-57.793957,3.991128736,4.896551724
612,2,0.742983871,-0.027672082,3.790662148,1.945910149,-0.123108747,0,0,-65.43526042,3.287751123,4.525806452
613,2,0.667661757,-0.951013229,4.287028906,2.079441542,-0.145999463,-0.252138619,-0.082902667,-64.12579157,3.839579482,4.534364261
614,4,0.613667392,-1.201404871,4.173104396,2.48490665,-0.110360969,-0.087762078,-0.080115449,-62.88213615,3.213145547,4.378690629
615,2,0.54500736,0.358346908,4.130062645,2.397895273,-0.166493828,-0.187317162,-0.114707867,-57.99845745,3.684212873,5.058479532
616,1,0.488316467,-0.193405621,3.747148362,1.609437912,-0.140065674,-0.118957738,-0.153573779,-60.40996922,4.342112315,4.872641509
617,3,0.747391841,-0.506810924,4.037186148,2.48490665,-0.114855862,-0.093933644,-0.085749293,-57.58534816,4.070198857,5.030882353
618,3,0.730700238,-0.08716024,3.47609869,1.098612289,-0.183415369,0,-0.101534617,-58.18639663,2.654527091,4.896907216
619,1,0.543761084,0.0868966,3.030823593,1.945910149,-0.196370728,-0.08304548,-0.08304548,-60.02090589,2.707725863,4.544827586
620,2,0.62996374,-0.178572341,4.046235984,2.397895273,-0.153819944,-0.173800683,-0.089157869,-65.53296936,3.224415387,4.292527822
621,2,0.625240696,-1.836417189,4.246295021,2.564949357,-0.134472103,-0.128529467,-0.046932325,-62.04423956,3.373091334,4.320484581
622,1,0.44037465,-0.267492812,3.79829424,2.079441542,-0.113028648,-0.09166985,-0.052925612,-61.19247241,3.813189263,4.537815126
623,2,0.715394111,0.073794688,4.187759007,2.079441542,-0.179393105,-0.168709804,-0.106701449,-56.45943497,3.839922523,5.223908918
624,3,0.612568281,0.110576126,4.332048265,2.302585093,-0.110922439,-0.19181682,-0.051265202,-63.77941796,3.223451979,4.270696452
625,3,0.701130535,0.171798134,4.157680437,2.564949357,-0.119645308,-0.069379231,-0.091780096,-59.34831734,3.841642351,4.867629362
626,3,0.65561343,-0.336354103,4.100989105,2.302585093,-0.122140597,-0.177361083,-0.070476148,-57.25843934,4.625941475,5.081125828
627,1,0.479615691,0.341668576,3.157000421,1.791759469,-0.174581188,0,-0.119098267,-60.43948077,3.03840011,4.503546099
628,1,0.483297052,0.071506462,2.910991045,2.772588722,-0.24711103,-0.3086067,-0.130410133,-61.75236727,3.416954218,6.12244898
629,2,0.604436508,-0.739116655,3.295836866,1.945910149,-0.195513077,-0.21821789,-0.125988158,-60.47285438,3.098020584,4.814814815
630,1,0.241644928,-0.658042978,2.912350665,1.609437912,-0.136270069,-0.275838642,0,-66.07189994,1.811843277,4.847826087
631,2,0.613728729,-0.414321154,3.493134877,2.197224577,-0.149099347,-0.164398987,-0.058123819,-62.46899555,3.054842853,4.817567568
632,1,0.541828085,-0.183682499,4.127134385,2.397895273,-0.112083931,-0.138063694,-0.114875937,-59.892046,3.744348739,4.762463343
633,2,0.530617828,-0.053809039,3.887730313,1.609437912,-0.137067409,-0.221766381,-0.110883191,-60.37688202,3.405309586,4.819672131
634,3,0.680349614,0.528203303,4.124442593,2.48490665,-0.136091256,-0.127171171,-0.063585586,-56.59684369,4.147145802,5.293800539
635,4,0.672979685,-1.365984128,4.151755469,2.397895273,-0.144801412,-0.100071505,-0.092648211,-67.4175695,2.984352016,4.124463519
636,2,0.696757525,-0.136013289,4.462069342,1.791759469,-0.12698492,-0.124034735,-0.062017367,-57.5687779,4.301066615,5.201923077
637,2,0.478026609,-0.604109609,4.198275485,1.945910149,-0.153277796,-0.080235704,-0.046324105,-62.31111858,3.86759515,4.519313305
638,3,0.604567806,-0.742680593,3.918667548,2.197224577,-0.12449532,-0.066445549,-0.046984099,-67.42046599,3.231833501,4.004415011
639,3,0.575347934,-0.392574107,4.336787849,2.564949357,-0.149228864,-0.145350475,-0.04485613,-58.94360376,4.232985377,4.995975855
640,3,0.697832757,0.801713237,4.044512188,2.48490665,-0.173866742,-0.14296138,-0.06617826,-55.34835665,3.809170403,5.842335766
641,3,0.612032173,-0.53083229,4.421848129,2.48490665,-0.125065498,-0.126554399,-0.07074606,-60.88187719,4.198059962,4.773773774
642,2,0.555980639,-0.379466693,4.118411588,2.564949357,-0.145285051,-0.137016301,-0.106132371,-59.78563659,3.6872035,4.881101377
643,2,0.493241878,-1.488454436,3.967773021,2.708050201,-0.145483459,-0.146415774,-0.071022082,-62.82608975,3.902426233,4.597730139
644,2,0.546750689,-0.177005679,3.987439645,2.48490665,-0.134853373,-0.130389975,-0.039314057,-60.68586219,3.859903472,4.806800618
645,3,0.566337662,-1.593563846,4.502029427,2.302585093,-0.112117078,-0.088093883,-0.105292329,-61.84333807,3.974701819,4.65631929
646,1,0.524822029,-1.346232621,4.427238977,2.302585093,-0.118016816,-0.103695169,-0.077289816,-60.99036171,4.158641482,4.347670251
647,1,0.706391304,-0.222522405,3.358637767,1.386294361,-0.175012951,-0.131876095,-0.093250481,-66.46240451,2.777934566,4.208695652
648,2,0.554495874,-0.615464271,4.112239052,2.48490665,-0.124059185,-0.133174075,-0.097723054,-61.60982779,4.034842967,4.660300136
649,3,0.666593614,-0.575551003,3.685540553,2.708050201,-0.14423068,-0.135626874,-0.057831493,-62.85807498,4.283734066,4.882943144
650,2,0.576134299,0.05056149,4.675162558,2.079441542,-0.175854502,-0.186989398,-0.113227703,-57.05696115,4.152462188,5.417249417
651,2,0.633881951,0.312137531,3.936715618,2.772588722,-0.143589785,-0.120971676,-0.104764544,-59.1978181,4.1270013,5.267073171
652,1,0.458018443,0.020558742,3.194583132,1.609437912,-0.196592647,-0.181071492,-0.090535746,-61.89822168,2.558787925,4.475409836
653,2,0.589591305,-0.569228847,4.581901559,2.302585093,-0.117866607,-0.07836612,-0.0452447,-63.77552017,4.624143883,4.505629478
654,4,0.590775615,0.036668572,3.821368637,2.48490665,-0.158905294,-0.060412209,-0.073989544,-65.45861295,3.72693305,4.324817518
655,2,0.518210626,-0.218162234,5.777652323,0,-0.107661151,-0.157377895,-0.055641488,-66.35228086,3.697093369,4.356037152
656,1,0.710052329,0.33280542,3.995904489,2.079441542,-0.128185677,-0.117444044,0,-60.13975773,4.55065624,4.666666667
657,3,0.611314307,-0.418904082,3.536687639,2.833213344,-0.141781732,-0.101360607,-0.041380294,-64.02698603,3.472279369,4.436643836
658,2,0.634255411,-0.857337632,3.737669618,2.564949357,-0.118210728,-0.085592099,-0.060522753,-62.72562625,3.311873044,4.465201465
659,2,0.72688627,0.131813124,3.861686191,2.397895273,-0.190991511,-0.115690627,-0.061839241,-55.72500749,3.804117356,4.801147228
660,1,0.527889482,-0.828711807,4.220843711,2.397895273,-0.149804724,-0.167443672,-0.063287759,-60.45288813,4.019341545,4.73965287
661,1,0.609839388,-0.107100167,4.374498368,1.609437912,-0.159971777,-0.070977344,-0.086929138,-60.16611537,4.14835539,4.906801008
662,1,0.641752688,-0.546107898,3.903990834,2.302585093,-0.13074652,-0.109985336,-0.127000127,-56.17521569,4.052330538,5.114919355
663,1,0.490679755,-0.219388268,3.147840052,1.945910149,-0.191032463,-0.110769755,-0.191858844,-57.11896791,3.886783209,4.54601227
664,2,0.601748762,-0.142698601,3.505128305,1.945910149,-0.136804448,-0.092648211,-0.065512178,-64.76631417,2.480238014,4.278969957
665,2,0.669340637,0.065615525,3.73369347,1.791759469,-0.087692748,-0.089264369,-0.06311944,-67.96087632,2.576006817,3.948207171
666,2,0.719185652,0.031858963,3.808512629,2.48490665,-0.184764771,-0.10531179,-0.10531179,-58.69889411,4.105513814,5.687615527
667,4,0.634533712,-0.689663528,4.310799125,2.302585093,-0.114798897,-0.051812776,-0.073274331,-57.77012731,3.982313411,4.82147651
668,4,0.649418212,-0.998398258,3.776135899,2.833213344,-0.124433733,-0.089923597,-0.063585586,-57.31743679,4.105890068,5.164420485
669,2,0.467176119,0.103304267,3.393762403,2.197224577,-0.153784043,-0.086386843,-0.086386843,-62.31824826,2.556383377,4.690298507
670,2,0.573105859,-0.37363713,4.007333185,2.197224577,-0.180726692,-0.149071198,-0.077849894,-60.80518114,3.848518642,5.113131313
671,1,0.552661238,-0.288099243,3.66035137,2.079441542,-0.164101296,-0.098215591,-0.056704798,-61.88291675,3.959195854,4.54340836
672,2,0.70061122,-0.122929004,4.039145013,2.197224577,-0.136663948,-0.117041147,0,-56.72898354,4.203853709,5.17221135
673,2,0.541167897,-0.594308745,4.42684065,2.197224577,-0.116403576,-0.051536807,-0.06311944,-63.68492242,3.762184215,4.355909695
674,4,0.482498928,-0.066371433,4.217872382,2.197224577,-0.123602782,-0.090461628,-0.057212957,-55.82399475,4.08471005,4.823240589
675,1,0.58315962,-0.407192372,4.110873864,1.386294361,-0.178104043,-0.143149584,-0.06401844,-62.20988139,3.651385833,4.323770492
676,2,0.589019786,-1.15892857,4.112134104,2.564949357,-0.111572824,-0.061468183,-0.050188561,-62.5430778,3.731943465,4.516372796
677,3,0.559619048,-0.679535296,4.227875955,1.945910149,-0.115681915,-0.091287093,0,-66.84093895,3.44071016,3.985416667
678,3,0.634114022,-0.647555829,4.045241849,2.079441542,-0.118549161,0,0,-66.52559609,3.106507362,4.076586433
679,1,0.437473684,-0.087297535,3.48343548,1.945910149,-0.159258477,-0.148087219,-0.114707867,-62.52408147,2.633448159,4.956140351
680,2,0.625104455,-0.956344431,3.843030134,2.197224577,-0.142168587,-0.169030851,-0.084515425,-66.17633775,3.046148904,4.135714286
681,3,0.559449258,-1.181939388,4.069684,2.564949357,-0.110451893,-0.153795605,-0.051265202,-64.53231015,3.535008218,4.483574244
682,3,0.641038155,-1.419224821,3.542847899,3.135494216,-0.122503598,-0.106399035,-0.035466345,-65.01940368,3.705419789,4.129559748
683,3,0.742814465,-0.166459723,3.816141234,1.945910149,-0.15707112,-0.097128586,0,-67.6711217,3.39278504,4.169811321
684,2,0.499365856,0.276723991,4.062903036,1.945910149,-0.128770376,-0.070099964,-0.110837775,-63.69862236,3.977561822,4.683046683
685,3,0.650198394,-0.098358835,3.166077639,1.945910149,-0.222649459,-0.077615053,-0.10976426,-64.43977071,2.703364327,4.801204819
686,2,0.677408708,0.002395741,3.102342009,2.079441542,-0.17539375,-0.074953169,-0.074953169,-62.35585537,3.274362793,4.393258427
687,2,0.595958895,-0.342169929,4.256400422,2.197224577,-0.133109986,-0.104993438,-0.056121353,-66.18866135,3.738372458,4.236220472
688,3,0.426122711,0.352819601,3.075774981,2.197224577,-0.162363204,-0.124034735,-0.071611487,-57.38397755,3.327135865,5.487179487
689,2,0.585490974,0.459921305,4.413471467,2.197224577,-0.136318891,-0.137268096,-0.073372884,-57.91852767,3.566466394,5.100942127
690,3,0.664564849,-0.202241607,3.952374301,2.833213344,-0.161796385,-0.161210113,-0.106298801,-60.20381082,3.813662975,4.989830508
691,3,0.48695283,-0.17880362,3.747148362,1.609437912,-0.14073891,-0.068680282,-0.137360564,-60.40996922,4.318153201,4.891509434
692,2,0.730700238,-0.08716024,3.47609869,1.098612289,-0.183415369,0,-0.101534617,-58.18639663,2.654527091,4.896907216
693,3,0.577347989,-0.30133244,3.618993327,2.302585093,-0.149412595,-0.103556075,0,-57.62763481,4.143095349,4.970509383
694,3,0.54797585,-0.112894504,4.246707931,2.079441542,-0.122487273,-0.05981486,0,-62.01467117,3.710744825,4.737030411
695,2,0.650809843,-1.13506127,4.667474069,1.945910149,-0.120592091,-0.121511731,-0.073274331,-60.11481514,4.328626451,4.641610738
696,2,0.558463515,-0.247201533,3.89436807,2.079441542,-0.14462534,-0.087370406,-0.071337638,-60.15432301,3.040960277,4.750636132
697,2,0.511669163,0.012347034,3.811097087,1.609437912,-0.169450436,-0.297482059,-0.094072087,-63.92153733,2.607348322,4.747787611
698,4,0.619704054,-1.851010484,4.245193093,2.564949357,-0.126322233,-0.093916381,0,-62.02927167,3.366333656,4.341786108
699,2,0.598651592,-0.740880241,3.437775088,2.833213344,-0.127642661,-0.043478261,-0.043478261,-65.95707165,4.020646028,4.2268431
700,2,0.613006061,0.225760565,4.189654742,1.791759469,-0.100830849,-0.132954006,-0.100503782,-57.1070837,3.715510984,5.103535354
701,1,0.53582906,-0.221699983,3.247046702,1.945910149,-0.155010894,-0.105409255,-0.074535599,-65.22148818,2.869602163,4.355555556
702,2,0.604774232,-0.739057808,3.290531814,1.945910149,-0.196032369,-0.206284249,-0.126322788,-60.47285438,3.114332288,4.829787234
703,2,0.653130608,0.221620628,3.815173179,2.564949357,-0.161200943,-0.169745572,-0.130188911,-58.50597279,3.945209205,5.072881356
704,2,0.428217391,-0.271454612,3.423176288,1.098612289,-0.197765418,0,0,-50.15412783,2.980132685,5.586956522
705,1,0.585543794,0.044365546,4.311757439,1.945910149,-0.103819199,-0.087537622,-0.115801389,-58.16098976,3.931119103,4.561302682
706,4,0.591099765,-2.39475527,4.507557357,2.302585093,-0.137310664,-0.144734864,-0.06640891,-66.21450983,3.415570957,3.969128997
707,1,0.604192771,-0.642540341,3.320228319,1.098612289,-0.236898898,-0.10976426,0,-65.14803276,3.145746378,4.662650602
708,3,0.622129607,-0.105618799,4.324734522,2.397895273,-0.149385677,-0.151208529,-0.077568339,-58.20895815,4.036962208,4.886883273
709,2,0.560610093,-0.719397789,3.995576028,2.63905733,-0.132759832,-0.125573585,-0.072499943,-61.21943637,3.955722597,4.650459921